id,title,original_title,overview,tagline,status,adult,video,release_date,runtime,budget,revenue,popularity,vote_average,vote_count,original_language,homepage,imdb_id,poster_path,backdrop_path,genres,production_companies,production_countries,spoken_languages,origin_country,belongs_to_collection
29922,13th Child,13th Child,People are being killed by someone or something using superhuman strength. A clever DA Assistant is sent to investigate. Is this just a way to commit the perfect murder or will the legend of the Jersey Devil prove to be true?,,Released,False,False,2002-10-25,99,0,0,0.86,2.6,21,en,,tt0273041,/zxz59McXHqdqjqlyvky6DTtpJDn.jpg,/9B0cREr5racTyh0X96K54yqanQS.jpg,"[{""id"": 27, ""name"": ""Horror""}, {""id"": 53, ""name"": ""Thriller""}]",[],[],"[{""english_name"": ""English"", ""iso_639_1"": ""en"", ""name"": ""English""}]","[""US""]",null
29923,Detour,Snarveien,"Driving back to Norway, Lina and Martin reach a roadblock where a policeman tells them to take a detour deep into the Swedish forest. But soon one creepy incident after another leaves them stranded in the dark woods and everything seems much too bizarre to be accidental.",,Released,False,False,2009-07-31,77,2200000,0,0.5118,5.2,33,no,http://www.snarveien-film.no/,tt1278124,/uPH2kfWPTLGeRKJK2mDkDt9oMI.jpg,/bnRlmCPCGfQp5Uow6W31KN5CsTB.jpg,"[{""id"": 27, ""name"": ""Horror""}, {""id"": 53, ""name"": ""Thriller""}]","[{""id"": 5006, ""logo_path"": null, ""name"": ""Exposed Film Productions AS"", ""origin_country"": ""NO""}]","[{""iso_3166_1"": ""NO"", ""name"": ""Norway""}]","[{""english_name"": ""Norwegian"", ""iso_639_1"": ""no"", ""name"": ""Norsk""}, {""english_name"": ""Swedish"", ""iso_639_1"": ""sv"", ""name"": ""svenska""}]","[""NO""]",null
29925,The Catcher,The Catcher,"In Taft, California, 1981, Johnny (Fred Meyers) is a unassuming baseball hopeful who turned against his stern and demanding father (Joe Estevez) and beat him to death with a baseball bat on a baseball diamond field. 17 years later, Johnny is released from the local insane asylum and begins a killing spree, with his father's ghost as an umpire.",,Released,False,False,1998-01-01,80,0,0,0.3997,3.2,12,en,,tt0191869,/hhOtnyVDtNBH7qtSoX3IANG2XhD.jpg,/sBwe12I7mfzsp2JdqfF7hD7YFgO.jpg,"[{""id"": 27, ""name"": ""Horror""}]",[],"[{""iso_3166_1"": ""US"", ""name"": ""United States of America""}]","[{""english_name"": ""English"", ""iso_639_1"": ""en"", ""name"": ""English""}]","[""US""]",null
29926,Dead Boyz Don't Scream,Dead Boyz Don't Scream,Someone is killing America's top male models.,Male Models should be seen . . . and not heard.,Released,False,False,2006-11-02,78,100000,0,3.2289,3.5,10,en,http://www.deadboyzmovie.com/main.html,tt0834906,/tJK1QVary6bAeMymF4pVemDt4rb.jpg,/rwZtoCdCwXay2KCJ6N8gKk0259X.jpg,"[{""id"": 27, ""name"": ""Horror""}, {""id"": 53, ""name"": ""Thriller""}]","[{""id"": 214181, ""logo_path"": null, ""name"": ""Sharpie Films"", ""origin_country"": """"}, {""id"": 53300, ""logo_path"": ""/yH4RWWRJ7g7141njV9hA6c3bEVD.png"", ""name"": ""Sharpshooter Studios"", ""origin_country"": ""US""}]","[{""iso_3166_1"": ""US"", ""name"": ""United States of America""}]","[{""english_name"": ""English"", ""iso_639_1"": ""en"", ""name"": ""English""}]","[""US""]",null
29927,"Pretty Village, Pretty Flame","Лепа села, лепо горе","In the opening stages of the Bosnian War, a small group of Serbian soldiers are trapped in a tunnel by a Muslim force.",,Released,False,False,1996-05-11,130,0,0,1.1317,7.93,107,sr,,tt0116860,/kh4VuXrgAmQCSKFsQHXdZ03l0rC.jpg,/b8tdsfLeuuT306AXcggEk8XDvvh.jpg,"[{""id"": 18, ""name"": ""Drama""}, {""id"": 10752, ""name"": ""War""}]","[{""id"": 83034, ""logo_path"": null, ""name"": ""MCRS"", ""origin_country"": ""RS""}, {""id"": 75151, ""logo_path"": ""/8XFXno7UHrGfUXZp8fLYh7KUFwa.png"", ""name"": ""Cobra Film Department"", ""origin_country"": ""RS""}, {""id"": 25204, ""logo_path"": ""/gFf9pISFzsNKkoDuWVnLwmRF5V0.png"", ""name"": ""RTS"", ""origin_country"": ""RS""}, {""id"": 7254, ""logo_path"": ""/hDJO96mUfqtB9ia7ef7mEvguPxl.png"", ""name"": ""Greek Film Centre"", ""origin_country"": ""GR""}]","[{""iso_3166_1"": ""YU"", ""name"": ""Yugoslavia""}]","[{""english_name"": ""English"", ""iso_639_1"": ""en"", ""name"": ""English""}, {""english_name"": ""Bosnian"", ""iso_639_1"": ""bs"", ""name"": ""Bosanski""}, {""english_name"": ""Serbian"", ""iso_639_1"": ""sr"", ""name"": ""Srpski""}]","[""YU""]",null
29928,Heartless,Heartless,A shy young woman receives a heart transplant and undergoes a personality change that may be connected to the murdered donor.,"Murder, Obsession, Intrigue...",Released,False,False,1997-11-05,105,0,0,0.9556,3.3,5,en,,tt0119268,/gpTGM3EopcGhjDKjS2erCjceaaq.jpg,,"[{""id"": 10770, ""name"": ""TV Movie""}, {""id"": 18, ""name"": ""Drama""}, {""id"": 53, ""name"": ""Thriller""}]","[{""id"": 16317, ""logo_path"": null, ""name"": ""AMCO Entertainment Group"", ""origin_country"": ""US""}]","[{""iso_3166_1"": ""US"", ""name"": ""United States of America""}]","[{""english_name"": ""English"", ""iso_639_1"": ""en"", ""name"": ""English""}]","[""US""]",null
29929,WEC 45: Cerrone vs. Ratcliff,WEC 45: Cerrone vs. Ratcliff,"WEC 45: Cerrone vs. Ratcliff was a mixed martial arts event held by World Extreme Cagefighting that took place on December 19, 2009 at The Pearl at The Palms in Las Vegas, Nevada. It marked the first time the WEC has held back-to-back events at the The Pearl at The Palms.",,Released,False,True,2009-12-19,104,0,0,0.0784,3.5,2,en,,,/zJEfv05j9C249H8MHOSxZhiN0nc.jpg,,[],[],[],"[{""english_name"": ""English"", ""iso_639_1"": ""en"", ""name"": ""English""}]","[""US""]",null
29930,Tender Flesh,Tender Flesh,An exotic dancer is hired to perform for a wealthy couple on an island. And this takes for a turn for the worse when she is hunted by the couple on the island as the prey and dinner!,Pray for Paula! For Paula is the Prey!,Released,False,False,1997-07-01,93,0,0,0.6799,3.0,13,en,,tt0157102,/b38BCiwhv4SN0xKm17f8XuUTwcU.jpg,/4sdjxXSOjShqLHbYOgIUWz2QDrj.jpg,"[{""id"": 27, ""name"": ""Horror""}]","[{""id"": 4778, ""logo_path"": null, ""name"": ""One Shot Productions"", ""origin_country"": """"}]","[{""iso_3166_1"": ""ES"", ""name"": ""Spain""}, {""iso_3166_1"": ""US"", ""name"": ""United States of America""}]","[{""english_name"": ""English"", ""iso_639_1"": ""en"", ""name"": ""English""}, {""english_name"": ""Spanish"", ""iso_639_1"": ""es"", ""name"": ""Espa\u00f1ol""}]","[""US""]",null
29931,The Seduction of Maxine,The Seduction of Maxine,"Maxine Strickland is an up-and-coming sexy film star who is being pursued by a half-crazed fan. When she hires a bodyguard to deal with the problem, she awkwardly learns to put her trust in him quickly because whoever is stalking her is close at hand.",I know everything about you.,Released,False,False,2000-01-01,85,0,0,1.2657,3.2,9,en,,tt0350098,/gJ4mo7Hzsi3ja0fdSD1ajMIo0M9.jpg,,"[{""id"": 53, ""name"": ""Thriller""}]","[{""id"": 33808, ""logo_path"": null, ""name"": ""SGF Entertainment"", ""origin_country"": ""US""}]","[{""iso_3166_1"": ""US"", ""name"": ""United States of America""}]","[{""english_name"": ""English"", ""iso_639_1"": ""en"", ""name"": ""English""}]","[""US""]",null
29932,Hanussen,Hanussen,"A man's story parallels Hitler's rise. Austrian Klaus Schneider, wounded in World War I, recovers in the care of Dr. Emil Bettleheim. Bettleheim discovers that Schneider possesses powers of empathy and of clairvoyance, such that could aid suicidal patients. After the war, with one friend as his manager and another as his lover, Schneider changes his name to Eric Jan Hanussen and goes to Berlin, as a hypnotist and clairvoyant performing in halls and theaters. He always speaks the truth, which brings him to the attention of powerful Nazis. He predicts their rise (good propaganda for them) and their violence (not so good). He's in pain and at risk. What is Hanussen's future?",He saw the future. And it was war.,Released,False,False,1988-05-20,140,0,0,0.882,6.2,22,hu,,tt0095276,/AdehGdaBe86j9PRScCeyae1K0qB.jpg,/ccCKqQjaBttiTNq9gShVV0rFmcF.jpg,"[{""id"": 878, ""name"": ""Science Fiction""}, {""id"": 36, ""name"": ""History""}, {""id"": 18, ""name"": ""Drama""}, {""id"": 14, ""name"": ""Fantasy""}]","[{""id"": 4606, ""logo_path"": ""/otZHbf1HmzLRQsZFSqJXkf8EHz7.png"", ""name"": ""ZDF"", ""origin_country"": ""DE""}, {""id"": 7014, ""logo_path"": null, ""name"": ""Hungarofilm"", ""origin_country"": ""HU""}, {""id"": 8100, ""logo_path"": ""/1HuVRo0SYPSzYvduxVf4baaWqOI.png"", ""name"": ""Mafilm"", ""origin_country"": ""HU""}, {""id"": 28762, ""logo_path"": null, ""name"": ""Mok\u00e9p"", ""origin_country"": ""HU""}, {""id"": 74412, ""logo_path"": null, ""name"": ""Objekt\u00edv Filmst\u00fadi\u00f3 V\u00e1llalat"", ""origin_country"": """"}, {""id"": 1787, ""logo_path"": ""/tWdfCS6OBkxSuXao5lluNKDIvlc.png"", ""name"": ""CCC Filmkunst"", ""origin_country"": ""DE""}]","[{""iso_3166_1"": ""AT"", ""name"": ""Austria""}, {""iso_3166_1"": ""DE"", ""name"": ""Germany""}, {""iso_3166_1"": ""HU"", ""name"": ""Hungary""}]","[{""english_name"": ""German"", ""iso_639_1"": ""de"", ""name"": ""Deutsch""}, {""english_name"": ""Hungarian"", ""iso_639_1"": ""hu"", ""name"": ""Magyar""}]","[""AT"", ""HU""]",null
29933,Kanal,Kanał,"In the last few days of the Warsaw Uprising during World War II, a modest group of Resistance members remains. The band must take refuge in the sewers under the orders of leader Zadra, but it's only a matter of time before they will have to emerge. However, when they try, they are met only with intense hostility from the Nazis. Despite their attempts stay resolute through immense mental strain, it becomes increasingly apparent that they may be doomed.",The Claustrophobic Nightmare of War,Released,False,False,1957-04-20,96,0,0,1.461,7.7,155,pl,,tt0050585,/mUxZNNmvX3MwIJ9LTcuw76ZdtN6.jpg,/kfuJtNiY3aevZHzSMA007pbVWqH.jpg,"[{""id"": 10752, ""name"": ""War""}, {""id"": 18, ""name"": ""Drama""}]","[{""id"": 257646, ""logo_path"": null, ""name"": ""Zesp\u00f3\u0142 Filmowy Kadr"", ""origin_country"": ""PL""}]","[{""iso_3166_1"": ""PL"", ""name"": ""Poland""}]","[{""english_name"": ""German"", ""iso_639_1"": ""de"", ""name"": ""Deutsch""}, {""english_name"": ""Polish"", ""iso_639_1"": ""pl"", ""name"": ""Polski""}]","[""PL""]",null
29934,Lovelorn,Gönül Yarası,"A retired teacher who returns to Istanbul after years away, Nazim tries to reacquaint himself with his hometown, which has changed significantly. While waiting for his pension to begin, Nazim takes a temporary job as a taxi driver and frequently ends up in the seedier parts of the city. …",,Released,False,False,2005-01-07,142,0,0,0.444,7.3,57,tr,,tt0425079,/qeWO3ttq8lw32PL1m1yDxubRYmF.jpg,/kJUEtm3qsmbe8KFfOTiTqpzil4x.jpg,"[{""id"": 18, ""name"": ""Drama""}]","[{""id"": 75418, ""logo_path"": ""/eWJDASPxOUlyZBKfDV2QFtZyvvE.png"", ""name"": ""Most Production"", ""origin_country"": ""TR""}, {""id"": 47853, ""logo_path"": null, ""name"": ""Filma-Cass"", ""origin_country"": ""TR""}]","[{""iso_3166_1"": ""TR"", ""name"": ""Turkey""}]","[{""english_name"": ""Kurdish"", ""iso_639_1"": ""ku"", ""name"": """"}, {""english_name"": ""Turkish"", ""iso_639_1"": ""tr"", ""name"": ""T\u00fcrk\u00e7e""}]","[""TR""]",null
29935,What the Eye Doesn't See,Ojos que no ven,"Through out six different and yet parallel stories that take place during the corrupted goverment during the 90s in Peru, Lombardi tells the moral decomposition that ran through all classes and generations of the peruvian society.",,Released,False,False,2003-01-01,150,0,0,0.3686,6.8,4,es,,tt0366839,/aWaQHTqopjVpzoFQzfoPwKtWuEW.jpg,/8uzx3ItUbckt2sqaIAV7WdfblhJ.jpg,"[{""id"": 28, ""name"": ""Action""}, {""id"": 12, ""name"": ""Adventure""}, {""id"": 18, ""name"": ""Drama""}]","[{""id"": 74002, ""logo_path"": null, ""name"": ""IJV Producciones"", ""origin_country"": """"}, {""id"": 48746, ""logo_path"": null, ""name"": ""Incacine"", ""origin_country"": """"}]","[{""iso_3166_1"": ""PE"", ""name"": ""Peru""}]","[{""english_name"": ""Spanish"", ""iso_639_1"": ""es"", ""name"": ""Espa\u00f1ol""}]","[""PE""]",null
29936,Eyes on the Skies,Eyes on the Skies,"This movie explores the saga of the telescope over 400 years - the historical development, the scientific importance, the technological breakthroughs, and also the people behind this ground-breaking invention, their triumphs and failures.",,Released,False,False,2008-01-01,60,0,0,0.0851,3.7,3,en,http://www.eyesontheskies.org/,tt1340569,/ep74YjHL6XeY6McBeTp4AE0nvWW.jpg,/9wj7pcS5JQH5L6RGnHoS9HIhwl8.jpg,"[{""id"": 99, ""name"": ""Documentary""}]",[],[],[],"[""US""]",null
29937,Divided We Fall,Musíme si pomáhat,"In 1943, a childless couple, the Čížeks, decide to hide a Jewish refugee, David Wiener, the son of Čížek's former employer, in the secret pantry of their apartment. Čížek is aware of the danger into which he has brought his household and his neighbours, but he takes helping his fellow man in need for granted. But at the same time, as a largely unheroic hero, he is dying of fear. His personal situation is greatly complicated by the approaching end of the war, when he faces danger from both the Germans and his ""honest"" fellow Czechs...",,Released,False,False,2000-03-15,120,0,0,0.3662,7.2,55,cs,,tt0234288,/6mKiT1zyUHHSCUm1hfZVe4RUhjV.jpg,/4tIqGGCrzpot7qCAHnw7sd9F806.jpg,"[{""id"": 35, ""name"": ""Comedy""}, {""id"": 18, ""name"": ""Drama""}]","[{""id"": 13965, ""logo_path"": null, ""name"": ""Total HelpArt T.H.A."", ""origin_country"": ""CZ""}, {""id"": 487, ""logo_path"": ""/x3BUIowxU2skXOpnOeOkl7kIYDo.png"", ""name"": ""\u010cesk\u00e1 televize"", ""origin_country"": ""CZ""}]","[{""iso_3166_1"": ""CZ"", ""name"": ""Czech Republic""}]","[{""english_name"": ""German"", ""iso_639_1"": ""de"", ""name"": ""Deutsch""}, {""english_name"": ""Czech"", ""iso_639_1"": ""cs"", ""name"": ""\u010cesk\u00fd""}]","[""CZ""]",null
29938,Alien Escape,Alien Escape,"Cindy and her beautiful friends are on vacation when they are assaulted by a ruthless gang of aliens attempting to take control of Earth. The friends join forces with Matt, a mysterious man they meet in the woods who turns out to be more than human. Together, Cindy and Matt launch a valiant attack against the alien ship and do battle with the murderous invaders from space.",Run Baby Run!,Released,False,False,1997-12-16,95,0,0,0.9283,2.5,6,en,,tt0112318,/f58Pev9peTv9zDzWAYY2X7GiMbI.jpg,/ft6X4YnLrM1I6L676Gxe7hk6jZ9.jpg,"[{""id"": 27, ""name"": ""Horror""}, {""id"": 878, ""name"": ""Science Fiction""}]",[],"[{""iso_3166_1"": ""US"", ""name"": ""United States of America""}]","[{""english_name"": ""English"", ""iso_639_1"": ""en"", ""name"": ""English""}]","[""US""]",null
29939,Nigel Williams: Democlash,Nigel Williams: Democlash,,,Released,False,False,2008-11-02,0,0,0,0.0143,0.0,0,nl,,tt6319516,/wUYlUKlShJWCuIwT6Ijy2VITqiV.jpg,,"[{""id"": 35, ""name"": ""Comedy""}]",[],[],"[{""english_name"": ""Dutch"", ""iso_639_1"": ""nl"", ""name"": ""Nederlands""}]","[""NL""]",null
29940,Nigel Williams: Terrorist,Nigel Williams: Terrorist,,,Released,False,False,2011-03-11,0,0,0,0.0935,0.0,0,nl,,tt6319448,/77NoYuV9FrAN3imCt2Hj287zDZU.jpg,,"[{""id"": 35, ""name"": ""Comedy""}]",[],[],"[{""english_name"": ""Dutch"", ""iso_639_1"": ""nl"", ""name"": ""Nederlands""}]","[""NL""]",null
29941,Back to the Secret Garden,Back to the Secret Garden,"A youngster living in a stately home discovers the magical garden Mary, Colin & Dickon stumbled across years before - but faces a battle with the housekeeper over whether to nurture it.",Return to the magical place where hope and friendship grow.,Released,False,False,2000-09-02,100,0,0,0.5577,6.3,35,en,,tt0233277,/1dwwbomp6Q0dx5D3s1s1Pnbg4BH.jpg,/oryzlNV2nAJHHZvU7wb9RdIZrSm.jpg,"[{""id"": 14, ""name"": ""Fantasy""}, {""id"": 18, ""name"": ""Drama""}, {""id"": 10751, ""name"": ""Family""}]","[{""id"": 4056, ""logo_path"": ""/dnz7zZ2e11usyjPG3mTYvJfyciD.png"", ""name"": ""Hallmark Entertainment"", ""origin_country"": ""US""}, {""id"": 2188, ""logo_path"": ""/f1zrx8bIsS81AHoPQq4riJx68Lt.png"", ""name"": ""Artisan Entertainment"", ""origin_country"": ""US""}]","[{""iso_3166_1"": ""DE"", ""name"": ""Germany""}, {""iso_3166_1"": ""GB"", ""name"": ""United Kingdom""}]","[{""english_name"": ""English"", ""iso_639_1"": ""en"", ""name"": ""English""}, {""english_name"": ""Portuguese"", ""iso_639_1"": ""pt"", ""name"": ""Portugu\u00eas""}]","[""GB"", ""US""]","{""id"": 462565, ""name"": ""The Secret Garden Collection"", ""poster_path"": ""/8Tte94ZK6sxTirMaBw9mY28zz8r.jpg"", ""backdrop_path"": ""/bxNQOBw4wIzKTS8dnxISlar7IRf.jpg""}"
29942,Stone Cold Dead,Stone Cold Dead,Sergeant Boyd's police search to find a sniper who has been shooting hookers.,,Released,False,False,1979-09-14,100,900000,0,1.1209,5.9,17,en,,tt0081563,/4LXtVvX3GLwE2N8JU57iKKqR78g.jpg,/a4roD45PAeqMBiDw4FsGdXYbDrn.jpg,"[{""id"": 53, ""name"": ""Thriller""}, {""id"": 27, ""name"": ""Horror""}]","[{""id"": 158231, ""logo_path"": null, ""name"": ""Ko-Zak Productions"", ""origin_country"": """"}, {""id"": 4952, ""logo_path"": null, ""name"": ""Canadian Film Development Corporation"", ""origin_country"": ""CA""}]","[{""iso_3166_1"": ""CA"", ""name"": ""Canada""}]","[{""english_name"": ""English"", ""iso_639_1"": ""en"", ""name"": ""English""}]","[""CA"", ""US""]",null
29943,Journey from the 23rd century,Reise aus dem 23. Jahrhundert,,,Released,False,False,1990-01-01,0,0,0,0.0833,0.0,0,de,,tt1156480,,,[],"[{""id"": 5007, ""logo_path"": null, ""name"": ""Eagle Rock Film & TV Productions"", ""origin_country"": ""US""}]","[{""iso_3166_1"": ""DE"", ""name"": ""Germany""}, {""iso_3166_1"": ""US"", ""name"": ""United States of America""}]","[{""english_name"": ""English"", ""iso_639_1"": ""en"", ""name"": ""English""}, {""english_name"": ""German"", ""iso_639_1"": ""de"", ""name"": ""Deutsch""}]","[""DE""]",null
29944,Autopsy,Autopsia,Mondo-style docudrama about a war correspondent who comes back home and has a spiritual crisis about his own mortality. Surreal fantasy sequences are mixed with graphic real autopsy footage.,,Released,False,False,1973-10-15,85,0,0,0.6593,2.0,2,es,,tt0069744,/21RYgMG6QdneNPQoG7wULWSRLSS.jpg,,"[{""id"": 18, ""name"": ""Drama""}, {""id"": 99, ""name"": ""Documentary""}]","[{""id"": 5008, ""logo_path"": null, ""name"": ""Zurbano Films"", ""origin_country"": """"}]","[{""iso_3166_1"": ""ES"", ""name"": ""Spain""}]","[{""english_name"": ""Spanish"", ""iso_639_1"": ""es"", ""name"": ""Espa\u00f1ol""}]","[""ES""]",null
29945,Zombie Jamboree,Zombie Jamboree,"A documentary on the Zombie Jamboree, the 25th Anniversary of Night of the Living Dead convention that took place in 1993. Guests included numerous cast and crew of the Romero Living Dead movies as well as cast from Russo's spin-off series, Return of the Living Dead. Other guests included horror icons Kane Hodder, Gunnar Hansen, Linnea Quigley, Brinke Stevens and Tom Savini as well as sci-fi/fantasy favorites, Adam West, Dave Prowse and Susie Owens among others. Documentary includes interviews with celebrities and fans and includes clips from events of the convention.",,Released,False,False,1993-10-01,60,0,0,0.6501,10.0,1,en,,tt2243711,,,"[{""id"": 27, ""name"": ""Horror""}, {""id"": 99, ""name"": ""Documentary""}]",[],"[{""iso_3166_1"": ""US"", ""name"": ""United States of America""}]","[{""english_name"": ""English"", ""iso_639_1"": ""en"", ""name"": ""English""}]","[""US""]",null
29946,The Golden Bowl,The Golden Bowl,"Wealthy American widower Adam Verver and his daughter Maggie live a refined life in Europe, surrounded by art. Maggie marries impoverished Italian Prince Amerigo, while Adam marries Maggie's friend Charlotte Stant. The Prince and Charlotte are having an affair, which Maggie discovers and navigates through a silent, psychological battle of wills, ultimately using her cunning to preserve her marriage and protect her father.",From the novel by Henry James,Released,False,False,2000-05-14,130,15000000,5753678,2.6325,5.9,66,en,,tt0200669,/xgUcUWu7lirlZbMPz21qo8RhK57.jpg,/1kLyl3IyjBOO74g4YRUC63Hx5qE.jpg,"[{""id"": 10749, ""name"": ""Romance""}, {""id"": 18, ""name"": ""Drama""}]","[{""id"": 2370, ""logo_path"": null, ""name"": ""Merchant Ivory Productions"", ""origin_country"": ""US""}, {""id"": 7799, ""logo_path"": null, ""name"": ""TF1 International"", ""origin_country"": ""FR""}]","[{""iso_3166_1"": ""US"", ""name"": ""United States of America""}, {""iso_3166_1"": ""FR"", ""name"": ""France""}]","[{""english_name"": ""English"", ""iso_639_1"": ""en"", ""name"": ""English""}]","[""US""]",null
29947,In the Shadow of Kilimanjaro,In the Shadow of Kilimanjaro,"There's a big drought in Africa. Food and water are scarce. 90,000 wild baboons suddenly start attacking humans and eating them in order to survive. Some people find themselves being hunted by the starving monkeys and must do whatever they can to stay alive.",Violent death was the easy way out!,Released,False,False,1986-03-01,97,0,0,0.9804,7.8,33,en,,tt0091264,/oftZi13q2mOvL3dt6NFdj131W1u.jpg,/i6u6yH2smH569PvlFzWCCZG5t3U.jpg,"[{""id"": 27, ""name"": ""Horror""}]","[{""id"": 48364, ""logo_path"": null, ""name"": ""Nyconnit NV"", ""origin_country"": """"}, {""id"": 48365, ""logo_path"": null, ""name"": ""Film Corporation of Kenya"", ""origin_country"": """"}, {""id"": 13689, ""logo_path"": null, ""name"": ""Mansfield Productions"", ""origin_country"": """"}, {""id"": 5087, ""logo_path"": null, ""name"": ""Scotti Brothers Pictures"", ""origin_country"": """"}]","[{""iso_3166_1"": ""GB"", ""name"": ""United Kingdom""}, {""iso_3166_1"": ""KE"", ""name"": ""Kenya""}]","[{""english_name"": ""English"", ""iso_639_1"": ""en"", ""name"": ""English""}]","[""GB"", ""US""]",null
29948,Epitaph,Epitaph,"It seems the Fulton family has to keep moving from one town to another, because the mother is a homicidal maniac who murders any man who doesn't submit to her drunken seductions. And Mr. Fulton, like any good, caring husband, never thinks twice about burying her victims in the backyard, packing up the family car, and setting off for a brand-new destination.","Yes,  Mother. I've done my homework, cleaned my room, & buried Dad!",Released,False,False,1988-03-25,94,0,0,0.4247,4.0,4,en,,tt0186993,/qsrfYvTDzZFTdiSZZnTStCrQDtv.jpg,,"[{""id"": 27, ""name"": ""Horror""}]","[{""id"": 2778, ""logo_path"": null, ""name"": ""City Lights Pictures"", ""origin_country"": ""US""}, {""id"": 74641, ""logo_path"": null, ""name"": ""City Lights Entertainment Group"", ""origin_country"": ""US""}]","[{""iso_3166_1"": ""US"", ""name"": ""United States of America""}]","[{""english_name"": ""English"", ""iso_639_1"": ""en"", ""name"": ""English""}]","[""US""]",null
29949,Paura: Lucio Fulci Remembered - Volume 1,Paura: Lucio Fulci Remembered - Volume 1,"This documentary examines the life and legacy of controversial Italian filmmaker Lucio Fulci through interviews with his colleagues, each of whom answers the question, ""What is your fondest memory of Lucio Fulci?"".  The responses are as varied as the people who knew the late writer-director, providing a nuanced look at the man behind such gory grindhouse classics as City of the Living Dead and The House by the Cemetery.",,Released,False,True,2008-03-06,225,0,0,0.6413,6.0,3,en,,tt1210331,/6tWOhMCy8VmyCDUeW5okuh04p8G.jpg,/2uSBPw5kho3KNlUZKV65xg5Kqnd.jpg,"[{""id"": 99, ""name"": ""Documentary""}]",[],"[{""iso_3166_1"": ""US"", ""name"": ""United States of America""}]","[{""english_name"": ""English"", ""iso_639_1"": ""en"", ""name"": ""English""}, {""english_name"": ""French"", ""iso_639_1"": ""fr"", ""name"": ""Fran\u00e7ais""}, {""english_name"": ""Italian"", ""iso_639_1"": ""it"", ""name"": ""Italiano""}]","[""US""]",null
29951,The Hideout,Il nascondiglio,"A mystery-thriller about an Italian woman who moves to Davenport to open a restaurant. After her husband commits suicide, she spends fifteen years recovering at a Minnesota mental hospital. When she builds herself up enough to begin another restaurant, she discovers that a murder took place there fifty years earlier. She decides to investigate and finds a secret plot.",,Released,False,False,2007-11-16,100,0,1570806,0.7854,6.1,57,en,,tt0852963,/5C2D5HH9aJzIOdQZXpqQcTPSVul.jpg,/oBMLqKvdWoF9UayRz8uAry0r0Zy.jpg,"[{""id"": 27, ""name"": ""Horror""}, {""id"": 9648, ""name"": ""Mystery""}, {""id"": 53, ""name"": ""Thriller""}]","[{""id"": 8988, ""logo_path"": ""/A0gkFhxkqEbpKxwuutnS6wP12FC.png"", ""name"": ""Duea Film"", ""origin_country"": ""IT""}, {""id"": 238344, ""logo_path"": null, ""name"": ""Motion Pictures Midwest"", ""origin_country"": """"}, {""id"": 155990, ""logo_path"": ""/py9VaywwK6KVi94YwrxSKVg1gkh.png"", ""name"": ""RAI Cinema"", ""origin_country"": ""IT""}]","[{""iso_3166_1"": ""IT"", ""name"": ""Italy""}]","[{""english_name"": ""English"", ""iso_639_1"": ""en"", ""name"": ""English""}]","[""IT""]",null
29952,Bombón El Perro,El perro,"Patagonia, Argentina. A mechanic who dreams of a different life begins to think big after his adopted puppy Bombón wins first prize at a local dog show.",,Released,False,False,2004-09-23,99,0,0,0.5153,6.882,55,es,,tt0420548,/gITCip9kvCsVqTQVUQLh5aWuR1P.jpg,/sY0thMd2lBKUmOfRFP8tY6VCuAz.jpg,"[{""id"": 18, ""name"": ""Drama""}]","[{""id"": 21914, ""logo_path"": ""/iF5QYCtPLuwkU90jWdjrul25d71.png"", ""name"": ""K & S Films"", ""origin_country"": ""AR""}, {""id"": 3963, ""logo_path"": null, ""name"": ""Guacamole Films"", ""origin_country"": ""AR""}, {""id"": 10046, ""logo_path"": ""/3guxqdOBP4xtfmSy6YMZPVGTfro.png"", ""name"": ""Wanda Visi\u00f3n"", ""origin_country"": ""ES""}, {""id"": 74895, ""logo_path"": null, ""name"": ""Romikin S.A."", ""origin_country"": """"}]","[{""iso_3166_1"": ""AR"", ""name"": ""Argentina""}, {""iso_3166_1"": ""ES"", ""name"": ""Spain""}]","[{""english_name"": ""Spanish"", ""iso_639_1"": ""es"", ""name"": ""Espa\u00f1ol""}]","[""AR""]",null
29953,Frost/Nixon: The Original Watergate Interviews,Frost/Nixon: The Original Watergate Interviews,"This program, culled from the over 28 hours of interview footage between Sir David Frost and U.S. President Richard M. Nixon, was originally broadcast in May of 1977. Never before, nor since, has a U.S. President been so candid on camera. Even more intriguing is the fact that Nixon agreed to appear on camera with no pre-interview preparation or screening of questions.",,Released,False,False,1977-05-04,85,0,0,0.3357,7.0,10,en,,tt0261639,/7GntmLObhHg6xfX7H5BI5Hz1554.jpg,/mzJaMbyNCl8CyAHyTdQPhyopTfG.jpg,"[{""id"": 10770, ""name"": ""TV Movie""}, {""id"": 99, ""name"": ""Documentary""}]","[{""id"": 45955, ""logo_path"": null, ""name"": ""David Paradine Productions"", ""origin_country"": ""GB""}]","[{""iso_3166_1"": ""US"", ""name"": ""United States of America""}]","[{""english_name"": ""English"", ""iso_639_1"": ""en"", ""name"": ""English""}]","[""US""]",null
29954,Body Puzzle,Body Puzzle,A homicide detective realizes that the brutal murders committed by a mysterious serial killer he's after have something to do with the late husband of a beautiful widow.,He won't quit until he gets the final piece.,Released,False,False,1992-03-20,98,0,0,0.7983,5.2,37,it,,tt0101493,/qlNfUemYKvrYI2eh17PjUQA4ZHR.jpg,/qu9dpiPpPuMcObpEUlaCr8wjv4j.jpg,"[{""id"": 53, ""name"": ""Thriller""}, {""id"": 27, ""name"": ""Horror""}]","[{""id"": 4745, ""logo_path"": null, ""name"": ""Produzioni Atlas Consorziate"", ""origin_country"": ""IT""}]","[{""iso_3166_1"": ""IT"", ""name"": ""Italy""}]","[{""english_name"": ""German"", ""iso_639_1"": ""de"", ""name"": ""Deutsch""}, {""english_name"": ""Italian"", ""iso_639_1"": ""it"", ""name"": ""Italiano""}]","[""IT""]",null
29955,Black Cobra,Eva nera,"After a swift courtship, wealthy bachelor Judas Carmichael invites a topless dancer to live with him and his abundant collection of exotic snakes.",How much snake can one woman take...,Released,False,False,1976-08-04,97,0,0,1.4926,4.2,41,it,,tt0074501,/wZ2QgscQS7DbrcgRcroryCUskuG.jpg,/tDNPH9McwA094qQazSzTROQjuCB.jpg,"[{""id"": 18, ""name"": ""Drama""}, {""id"": 53, ""name"": ""Thriller""}, {""id"": 27, ""name"": ""Horror""}]","[{""id"": 83236, ""logo_path"": null, ""name"": ""Matra Cinematografica"", ""origin_country"": """"}]","[{""iso_3166_1"": ""IT"", ""name"": ""Italy""}]","[{""english_name"": ""English"", ""iso_639_1"": ""en"", ""name"": ""English""}, {""english_name"": ""Italian"", ""iso_639_1"": ""it"", ""name"": ""Italiano""}]","[""IT""]",null
29956,Villalobos,Villalobos,"Ricardo Villalobos is a major figure on the European electronic music scene. As a recording artist, he's released dozens of singles, seven albums and four mix collections. As a producer, he's remixed tracks for artists such as Beck, Depeche Mode, Plastikman, Senor Coconut and the KLF. And as a DJ, he's manned the decks at some of the world's leading electronic music festivals and is known for his intelligent, broadly eclectic style. Filmmaker Romuald Karmakar, who had directed two feature-length documentaries on the history and culture of electronic music, offers a profile of one of the genre's leading artists with Villalobos. Rather than just creating a biographical sketch or a performance film, Karmakar attempts to give viewers an insight into Villalobos's creative process, his philosophy towards his music and his work, how his background has informed his art, and how his interaction with the audience informs his selections during a DJ set in unexpected ways.",,Released,False,False,2009-09-08,110,0,0,0.063,10.0,1,en,,tt1500762,/h0P9b3GA2DUmzyzLsYVhgBOW7Cs.jpg,,"[{""id"": 99, ""name"": ""Documentary""}]","[{""id"": 1594, ""logo_path"": null, ""name"": ""Pantera Film"", ""origin_country"": """"}]","[{""iso_3166_1"": ""DE"", ""name"": ""Germany""}]",[],"[""US""]",null
29957,Barracuda,Barracuda,Little coastal town is being terrorized by deadly Barracudas.,You Can Almost Hear The Screams! as the water below becomes a CHURNING DEATHBED of FLASHING TEARING TEETH!,Released,False,False,1978-10-16,98,0,0,0.8543,4.1,36,en,,tt0077210,/razrwhyLx7Nx1CWRCUayyeQQ2sI.jpg,/dVeKQzSpywVjktNB7YOdlXIjGzW.jpg,"[{""id"": 27, ""name"": ""Horror""}, {""id"": 53, ""name"": ""Thriller""}]","[{""id"": 15937, ""logo_path"": null, ""name"": ""American General Pictures"", ""origin_country"": """"}, {""id"": 15938, ""logo_path"": null, ""name"": ""Marketing Film"", ""origin_country"": """"}, {""id"": 1432, ""logo_path"": ""/odyWStT82nGf2LQCyfs7iFudwa0.png"", ""name"": ""Republic Pictures"", ""origin_country"": ""US""}]","[{""iso_3166_1"": ""US"", ""name"": ""United States of America""}]","[{""english_name"": ""English"", ""iso_639_1"": ""en"", ""name"": ""English""}]","[""US""]",null
29958,Snake Island,Snake Island,"A group of American tourists heading down an African river make a brief stop at Snake Island, an island that has been virtually abandoned for years. When they end up getting trapped on the island overnight, they find thousands of deadly snakes intent on reclaiming the tropical island for themselves.",Fear strikes without warning.,Released,False,False,2002-08-01,93,0,0,0.9427,3.4,19,en,,tt0320483,/xWiWUZ2GIYFlHZr1MEweBtqCWWG.jpg,/g9NEIXyQLynqrmoI0lNMQfBygqg.jpg,"[{""id"": 28, ""name"": ""Action""}, {""id"": 27, ""name"": ""Horror""}, {""id"": 53, ""name"": ""Thriller""}]",[],"[{""iso_3166_1"": ""ZA"", ""name"": ""South Africa""}]","[{""english_name"": ""English"", ""iso_639_1"": ""en"", ""name"": ""English""}]","[""US""]",null
29959,It Came from Beneath the Sea,It Came from Beneath the Sea,"A giant octopus, whose feeding habits have been affected by radiation from H-Bomb tests, rises from the Mindanao Deep to terrorize the California Coast.",IT CRUSHES! KILLS! DESTROYS!,Released,False,False,1955-07-01,79,0,0,0.8816,5.6,105,en,,tt0048215,/5Uhq7FinrZIpvoz8OUUL6yziHtO.jpg,/shmjuV9A0tQL9wIHCYGS9drpPaj.jpg,"[{""id"": 878, ""name"": ""Science Fiction""}, {""id"": 12, ""name"": ""Adventure""}, {""id"": 27, ""name"": ""Horror""}]","[{""id"": 3458, ""logo_path"": null, ""name"": ""Clover Productions"", ""origin_country"": ""US""}, {""id"": 5, ""logo_path"": ""/71BqEFAF4V3qjjMPCpLuyJFB9A.png"", ""name"": ""Columbia Pictures"", ""origin_country"": ""US""}]","[{""iso_3166_1"": ""US"", ""name"": ""United States of America""}]","[{""english_name"": ""English"", ""iso_639_1"": ""en"", ""name"": ""English""}]","[""US""]",null
29960,Vampire Circus,Vampire Circus,"After a spate of murders, the villagers of Schtettel kill the depraved perpetrator, Count Mitterhouse. Fifteen years later the Circus of Nights appeared in the plague-ridden village and its performers include Mitterhouse's mistress, children and cousins. They have come to Schtettel to fulfil the Count's last words, an evil, vicious curse of death and destruction on those who participated in his impaling. The children of Schtettel become the targets for a brutal and devastating revenge as the Vampire Circus rehearses for its most deadly performance.",Human fangs ripping throats - no sawdust can soak up the torrent of blood!,Released,False,False,1972-04-30,87,0,0,1.2855,5.8,128,en,,tt0067924,/a6feJtVbMj8aI1VwoKGminP1WI1.jpg,/cMghYBBCHoESAWjPH53QMCodXIQ.jpg,"[{""id"": 27, ""name"": ""Horror""}]","[{""id"": 1314, ""logo_path"": ""/gQBluDqe6dc2ZdzfJbabEHoSGoG.png"", ""name"": ""Hammer Film Productions"", ""origin_country"": ""GB""}]","[{""iso_3166_1"": ""GB"", ""name"": ""United Kingdom""}]","[{""english_name"": ""English"", ""iso_639_1"": ""en"", ""name"": ""English""}]","[""GB""]",null
29961,Death by Dialogue,Death by Dialogue,"A guy and four of his friends visit his crippled uncle, a taxidermist who lives with his housekeeper next to a movie set. Pretty soon people start being killed in the manner they are in the script of the movie being filmed next door.",,Released,False,False,1988-11-25,89,0,0,0.9996,3.2,7,en,,tt0094976,/xDFVBk6l6fnFTONofaKHUM8uZzp.jpg,,"[{""id"": 27, ""name"": ""Horror""}]","[{""id"": 74641, ""logo_path"": null, ""name"": ""City Lights Entertainment Group"", ""origin_country"": ""US""}]","[{""iso_3166_1"": ""US"", ""name"": ""United States of America""}]","[{""english_name"": ""English"", ""iso_639_1"": ""en"", ""name"": ""English""}]","[""US""]",null
29963,Bright Star,Bright Star,"In 1818, high-spirited young Fanny Brawne finds herself increasingly intrigued by the handsome but aloof poet John Keats, who lives next door to her family friends the Dilkes. After reading a book of his poetry, she finds herself even more drawn to the taciturn Keats. Although he agrees to teach her about poetry, Keats cannot act on his reciprocated feelings for Fanny, since as a struggling poet he has no money to support a wife.",First love burns brightest.,Released,False,False,2009-09-18,119,10000000,14374652,1.8256,6.6,478,en,http://www.brightstar-movie.com/,tt0810784,/csN6y4nq2kaBiegHaGw0DGp4plf.jpg,/nnyaQslEbd2ST1FAhuDyF4228mb.jpg,"[{""id"": 18, ""name"": ""Drama""}, {""id"": 10749, ""name"": ""Romance""}]","[{""id"": 7396, ""logo_path"": ""/jnjLKDfdAfNylfVdybY9370Ybrg.png"", ""name"": ""Pathe"", ""origin_country"": ""GB""}, {""id"": 7584, ""logo_path"": ""/eGkfvvyf4fJTvBUR1xt1669IPA3.png"", ""name"": ""Screen Australia"", ""origin_country"": ""AU""}, {""id"": 2452, ""logo_path"": ""/gOkUB0TdXRLAl6s0s6jCSLS3sOb.png"", ""name"": ""UK Film Council"", ""origin_country"": ""GB""}, {""id"": 26716, ""logo_path"": ""/6uzufB1sPZmucuBib73ngqPaSom.png"", ""name"": ""Hopscotch Productions"", ""origin_country"": ""AU""}, {""id"": 276272, ""logo_path"": null, ""name"": ""Bright Star Films"", ""origin_country"": ""GB""}, {""id"": 14089, ""logo_path"": null, ""name"": ""Jan Chapman Productions"", ""origin_country"": ""AU""}, {""id"": 418, ""logo_path"": null, ""name"": ""New South Wales Film & Television Office"", ""origin_country"": ""AU""}]","[{""iso_3166_1"": ""AU"", ""name"": ""Australia""}, {""iso_3166_1"": ""GB"", ""name"": ""United Kingdom""}]","[{""english_name"": ""French"", ""iso_639_1"": ""fr"", ""name"": ""Fran\u00e7ais""}, {""english_name"": ""English"", ""iso_639_1"": ""en"", ""name"": ""English""}]","[""AU"", ""FR"", ""GB""]",null
29964,Haunts,Haunts,A woman is haunted by psychosexual nightmares while a maniac commits a series of brutal scissor murders. The local smalltown sheriff must find the connection before it's too late.,The haunts from her past become the horrors of the present....,Released,False,False,1976-08-27,97,0,0,0.3456,4.9,15,en,,tt0076127,/43869R6kuqZocsRxHsqXXBMQPpI.jpg,/kqrQnhPtK8TLctiscjYpzddAcWC.jpg,"[{""id"": 27, ""name"": ""Horror""}]","[{""id"": 50889, ""logo_path"": null, ""name"": ""Marrero Productions Inc."", ""origin_country"": """"}, {""id"": 15937, ""logo_path"": null, ""name"": ""American General Pictures"", ""origin_country"": """"}, {""id"": 50890, ""logo_path"": null, ""name"": ""Entertainment Services International"", ""origin_country"": """"}]","[{""iso_3166_1"": ""US"", ""name"": ""United States of America""}]","[{""english_name"": ""English"", ""iso_639_1"": ""en"", ""name"": ""English""}]","[""US""]",null
29965,Be with Me,Be with Me,"Three tales of love wrap around the true story of a blind and deaf woman named Theresa Chan. In the first an elderly shopkeeper is devoted to his sick wife. In the second, two teenage girls become soul mates and lovers. In the third a chubby security guard tries to find the courage to woo a beautiful woman who works in his building.",,Released,False,False,2005-05-12,93,0,0,0.3536,6.0,35,cn,,tt0463903,/sP2Dmq7pANMhPxl8fbl04fxQHYH.jpg,/xdKyOK8MUGRskRSupZilrn7X2Ko.jpg,"[{""id"": 18, ""name"": ""Drama""}, {""id"": 10749, ""name"": ""Romance""}]","[{""id"": 17364, ""logo_path"": ""/kUTBCXR72FgYSfL6kbOAETlnpAr.png"", ""name"": ""Infinite Frameworks"", ""origin_country"": ""SG""}, {""id"": 17365, ""logo_path"": ""/xxgzyEjYEVPkL8KiMhvYOVmCfAU.png"", ""name"": ""Zhao Wei Films"", ""origin_country"": ""SG""}]","[{""iso_3166_1"": ""SG"", ""name"": ""Singapore""}]","[{""english_name"": ""Cantonese"", ""iso_639_1"": ""cn"", ""name"": ""\u5e7f\u5dde\u8bdd / \u5ee3\u5dde\u8a71""}, {""english_name"": ""Mandarin"", ""iso_639_1"": ""zh"", ""name"": ""\u666e\u901a\u8bdd""}, {""english_name"": ""English"", ""iso_639_1"": ""en"", ""name"": ""English""}]","[""CN"", ""SG""]",null
29966,Blood on the Moon,Blood on the Moon,"Down-and-out cowhand Jim Garry is asked by his old friend Tate Riling to help mediate a cattle dispute. When Garry arrives, however, it soon becomes clear that Riling has not been entirely forthright. Garry uncovers Riling's plot to dupe local rancher John Lufton out of a fortune. When Lufton's firecracker of a daughter, Amy, gets involved, Garry must choose between his old loyalties and what he knows to be right.",A woman's bullet kills as quick as a man's!,Released,False,False,1948-11-11,88,0,88,2.6937,6.2,67,en,,tt0040175,/eQk2JSVfC1iskVEUUURs2gi0ANM.jpg,/vuXbLyk6ZTuPknqsLzSBcV7ommq.jpg,"[{""id"": 37, ""name"": ""Western""}, {""id"": 10749, ""name"": ""Romance""}]","[{""id"": 6, ""logo_path"": ""/n53F7K9scQWFXYbrCablqLKqJdp.png"", ""name"": ""RKO Radio Pictures"", ""origin_country"": ""US""}]","[{""iso_3166_1"": ""US"", ""name"": ""United States of America""}]",[],"[""US""]",null
29967,Moonfleet,Moonfleet,"Set in the eighteenth century, Moonfleet is about John Mohune, a young orphan who is sent to the Dorset village of Moonfleet to stay with an old friend of his mother's, Jeremy Fox. Fox is a morally ambiguous character, an elegant gentleman involved with smugglers and pirates.",Wild and wonderful as the thrill-packed novel that inspired it !,Released,False,False,1955-06-24,87,1955000,0,1.21,6.5,124,en,,tt0048387,/dkbpCz2IqeQDg4eomCkezCH99Ff.jpg,/l0QIjUYP8QMQdmMSBVxaGGTMnMd.jpg,"[{""id"": 12, ""name"": ""Adventure""}, {""id"": 18, ""name"": ""Drama""}, {""id"": 36, ""name"": ""History""}]","[{""id"": 21, ""logo_path"": ""/usUnaYV6hQnlVAXP6r4HwrlLFPG.png"", ""name"": ""Metro-Goldwyn-Mayer"", ""origin_country"": ""US""}]","[{""iso_3166_1"": ""US"", ""name"": ""United States of America""}]","[{""english_name"": ""English"", ""iso_639_1"": ""en"", ""name"": ""English""}]","[""US""]",null
29968,Nothing in Common,Nothing in Common,A successful advertising executive finds his freewheeling life crashing to a halt when his parents end their longtime marriage.,It's a comedy. And a drama. Just like life.,Released,False,False,1986-07-29,118,12000000,32324557,1.7085,5.8,133,en,,tt0091653,/m2G6Idl1CKJwOt8aFsnJk08sfDP.jpg,/tMH0vpz9s0GfA4rnl7k1x3nyRdl.jpg,"[{""id"": 18, ""name"": ""Drama""}, {""id"": 35, ""name"": ""Comedy""}, {""id"": 10749, ""name"": ""Romance""}]","[{""id"": 559, ""logo_path"": ""/eC0bWHVjnjUducyA6YFoEFqnPMC.png"", ""name"": ""TriStar Pictures"", ""origin_country"": ""US""}]","[{""iso_3166_1"": ""US"", ""name"": ""United States of America""}]","[{""english_name"": ""English"", ""iso_639_1"": ""en"", ""name"": ""English""}]","[""US""]",null
29969,Eric Clapton: 24 Nights,Eric Clapton: 24 Nights,"Highlights from Eric Clapton's sold-out 24 night run at London's Royal Albert Hall are featured. 24 nights includes guest appearances from Robert Cray, Albert Collins, Buddy Guy, Jimmie Vaughan, and Phil Collins. Songs include ""Running on Faith,"" ""Wonderful Tonight,"" ""Sunshine of Your Love,"" ""Hard Times,"" and ""Bell Bottom Blues.""",,Released,False,True,1991-01-01,90,0,0,0.5646,6.9,6,en,,tt0191992,/alq8XL4vqSpplZf1FvXcSLNMls7.jpg,/rlbewFItE6ttrYctOOK9507QXWS.jpg,"[{""id"": 99, ""name"": ""Documentary""}, {""id"": 10402, ""name"": ""Music""}]","[{""id"": 54053, ""logo_path"": null, ""name"": ""Reprise Records"", ""origin_country"": """"}]","[{""iso_3166_1"": ""DE"", ""name"": ""Germany""}, {""iso_3166_1"": ""GB"", ""name"": ""United Kingdom""}]","[{""english_name"": ""English"", ""iso_639_1"": ""en"", ""name"": ""English""}]","[""US"", ""GB""]",null
29971,Nayakan,நாயகன்,"Velu Naicker, who witnesses the brutal murder of his father, kills a corrupt policeman and escapes to Mumbai, only to become a gangster.",Are you a good man or a bad man?,Released,False,False,1987-10-21,156,0,0,1.5578,7.807,88,ta,,tt0093603,/hnCKKPG5VkUiGQV0DTniyMTEZsT.jpg,/u4iRTMD0oJPUP2kjmH3XIEhsDKF.jpg,"[{""id"": 18, ""name"": ""Drama""}, {""id"": 80, ""name"": ""Crime""}]","[{""id"": 16432, ""logo_path"": null, ""name"": ""Sujatha Films"", ""origin_country"": ""IN""}, {""id"": 26634, ""logo_path"": null, ""name"": ""Muktha Films"", ""origin_country"": ""IN""}]","[{""iso_3166_1"": ""IN"", ""name"": ""India""}]","[{""english_name"": ""Hindi"", ""iso_639_1"": ""hi"", ""name"": ""\u0939\u093f\u0928\u094d\u0926\u0940""}, {""english_name"": ""Telugu"", ""iso_639_1"": ""te"", ""name"": ""\u0c24\u0c46\u0c32\u0c41\u0c17\u0c41""}, {""english_name"": ""Tamil"", ""iso_639_1"": ""ta"", ""name"": ""\u0ba4\u0bae\u0bbf\u0bb4\u0bcd""}, {""english_name"": ""English"", ""iso_639_1"": ""en"", ""name"": ""English""}, {""english_name"": ""Marathi"", ""iso_639_1"": ""mr"", ""name"": """"}]","[""IN""]",null
29972,24 City,二十四城记,"As a decades-old state-run aeronautics munitions factory in downtown Chengdu, China is being torn down for the construction of the titular luxury apartment complex, director Jia Zhangke interviews various people affiliated with it about their experiences.",,Released,False,False,2008-09-27,108,0,0,1.6664,7.033,61,zh,,tt1103963,/zAtPh6od2wiaarDxwnpXeD3IgKF.jpg,/bf2qMkrj8Ifx97mQzFn1YS6h4uh.jpg,"[{""id"": 18, ""name"": ""Drama""}, {""id"": 99, ""name"": ""Documentary""}]","[{""id"": 3407, ""logo_path"": ""/iVMjKOFyRvm9PW45lW1wW6TSvnj.png"", ""name"": ""Shanghai Film Group"", ""origin_country"": ""CN""}, {""id"": 1079, ""logo_path"": null, ""name"": ""Xstream Pictures"", ""origin_country"": ""CN""}, {""id"": 528, ""logo_path"": ""/fO3Aof3lXQclYpBByYC8aneTXwA.png"", ""name"": ""Bandai Visual"", ""origin_country"": ""JP""}, {""id"": 4667, ""logo_path"": ""/kW2HfJ2R3xBfXRW6jdevcSGavHT.png"", ""name"": ""Bitters End"", ""origin_country"": ""JP""}, {""id"": 94949, ""logo_path"": null, ""name"": ""China Resources"", ""origin_country"": """"}, {""id"": 567, ""logo_path"": ""/6Vfm1fYBTeHNxPvgDZsxTv9BcXu.png"", ""name"": ""Office Kitano"", ""origin_country"": ""JP""}]","[{""iso_3166_1"": ""CN"", ""name"": ""China""}, {""iso_3166_1"": ""JP"", ""name"": ""Japan""}]","[{""english_name"": ""Mandarin"", ""iso_639_1"": ""zh"", ""name"": ""\u666e\u901a\u8bdd""}]","[""CN"", ""JP""]",null
29973,Cobb,Cobb,"Al Stump is a famous sports-writer chosen by Ty Cobb to co-write his official, authorized 'autobiography' before his death. Cobb, widely feared and despised, feels misunderstood and wants to set the record straight about 'the greatest ball-player ever,' in his words.",Everyone hated this baseball legend. And he loved it.,Released,False,False,1994-12-02,128,25500000,1007583,1.6254,5.9,95,en,,tt0109450,/clOqh9is8vWZvX6AUjF4HtLdQMj.jpg,/1ZpyiQWRS95hixy6ajtJk4WVduZ.jpg,"[{""id"": 18, ""name"": ""Drama""}]","[{""id"": 508, ""logo_path"": ""/4sGWXoboEkWPphI6es6rTmqkCBh.png"", ""name"": ""Regency Enterprises"", ""origin_country"": ""US""}, {""id"": 644, ""logo_path"": null, ""name"": ""Alcor Films"", ""origin_country"": ""US""}, {""id"": 16823, ""logo_path"": null, ""name"": ""Aleor Films"", ""origin_country"": """"}, {""id"": 174, ""logo_path"": ""/zhD3hhtKB5qyv7ZeL4uLpNxgMVU.png"", ""name"": ""Warner Bros. Pictures"", ""origin_country"": ""US""}]","[{""iso_3166_1"": ""US"", ""name"": ""United States of America""}]","[{""english_name"": ""English"", ""iso_639_1"": ""en"", ""name"": ""English""}]","[""US""]",null
29974,Lee Evans: Access All Arenas,Lee Evans: Access All Arenas,"Features all of the hilarious moments taken from the Lee Evan's arena tours including - 'Wired &amp; Wonderful - Live At Wembley' (2002), 'XL Tour 2005' and 'Big - Live At The 02' (2008), all introduced by Lee himself. Plus an exclusive interview - 'Lee Evans Even Closer' with Phil Jupitus recorded for the DVD as well as the best of 'Live In Scotland' (1998). There will also be a very special recordin",,Released,False,False,2009-11-16,105,0,0,0.1499,8.3,3,en,,tt1966511,/lkrMbxwvzMI9OMuHZxxKJrqqDCO.jpg,/mLP9OtNxOCcLEyw7yCS4XwC8C9D.jpg,[],[],[],"[{""english_name"": ""English"", ""iso_639_1"": ""en"", ""name"": ""English""}]","[""US""]",null
29975,Sugar & Spice,シュガー＆スパイス ～風味絶佳～,"Recently graduated from high school, 17-year-old Shiro decides to put off college and work at a gas station instead. Shy and introspective, Shiro understands he is at a turning point of his life, but is unsure of what lies ahead. Though his parents disapprove of his decision, he has the support of his flower child grandmother who declares that a gas station is a romantic place for life's drifters. Surely enough, soon a new co-worker, college student Noriko, drifts into Shiro's life. He falls headfirst into a bittersweet first love that ushers him into the world of adulthood.",,Released,False,False,2006-09-16,125,0,0,1.1427,5.1,9,ja,,tt0794373,/e4pc005viKPrNtU0b3kD9p8gQ7N.jpg,/1jSk5NClvhgnFtcPeFLOF7zd95T.jpg,"[{""id"": 28, ""name"": ""Action""}, {""id"": 35, ""name"": ""Comedy""}, {""id"": 18, ""name"": ""Drama""}, {""id"": 10749, ""name"": ""Romance""}]","[{""id"": 3341, ""logo_path"": ""/dTG5dXE1kU2mpmL9BNnraffckLU.png"", ""name"": ""Fuji Television Network"", ""origin_country"": ""JP""}, {""id"": 882, ""logo_path"": ""/fRSWWjquvzcHjACbtF53utZFIll.png"", ""name"": ""TOHO"", ""origin_country"": ""JP""}]","[{""iso_3166_1"": ""JP"", ""name"": ""Japan""}]","[{""english_name"": ""Japanese"", ""iso_639_1"": ""ja"", ""name"": ""\u65e5\u672c\u8a9e""}]","[""JP""]",null
29976,Unstoppable Marriage,못말리는 결혼,"Eun-ho and Ki-baek, rode a paraglider and had an minor accident. They grew up and live in the different backgrounds so that they fight like a cat and dog over everything. Even though they hate each other, at the same time, they come to fall for each other and become a couple. The only matter is to obtain each family’s consent.",,Released,False,False,2007-05-10,115,0,0,0.7833,6.1,8,ko,,tt1460640,/eJuDNwr5kSKcdHhI8BGEgUFxZqe.jpg,,"[{""id"": 35, ""name"": ""Comedy""}]",[],"[{""iso_3166_1"": ""KR"", ""name"": ""South Korea""}]","[{""english_name"": ""Korean"", ""iso_639_1"": ""ko"", ""name"": ""\ud55c\uad6d\uc5b4/\uc870\uc120\ub9d0""}]","[""KR""]",null
29977,Poker King,撲克王,"Although Randy's family is involved in the casino business, he has never shared an interest in gaming until he played Texas Hold 'Em on the Internet. Rival Uno is the manager at Randy's casion. These two bitter enemies will now face off in the Asian Poker King Championships.",,Released,False,False,2009-11-22,122,0,0,2.5671,6.1,29,cn,,tt1471236,/zjc7xGWvoErE4iEcTo3EIcgoYoR.jpg,/h8Jd7NeVXFLIItmGL89iLrgRCBX.jpg,"[{""id"": 35, ""name"": ""Comedy""}]",[],"[{""iso_3166_1"": ""HK"", ""name"": ""Hong Kong""}]","[{""english_name"": ""Cantonese"", ""iso_639_1"": ""cn"", ""name"": ""\u5e7f\u5dde\u8bdd / \u5ee3\u5dde\u8a71""}]","[""HK""]",null
29978,Scent of Love,국화꽃 향기,"After much trials and tribulations, a man marries his first love. But when she gets pregnant, they find out that she has cancer.",We don't have much time to love...,Released,False,False,2003-02-28,109,0,0,1.763,6.4,10,ko,http://www.kukhwa.com/,tt0349517,/391lp6iwxhoWKoIX4f083KnUgy1.jpg,/4k8wJixgYhMK4Qu64jpMGmzcOGB.jpg,"[{""id"": 18, ""name"": ""Drama""}, {""id"": 10749, ""name"": ""Romance""}]","[{""id"": 3965, ""logo_path"": ""/bCTU2o14fBHQYiVb339lsfOVYdX.png"", ""name"": ""Taewon Entertainment"", ""origin_country"": ""KR""}]","[{""iso_3166_1"": ""KR"", ""name"": ""South Korea""}]","[{""english_name"": ""Korean"", ""iso_639_1"": ""ko"", ""name"": ""\ud55c\uad6d\uc5b4/\uc870\uc120\ub9d0""}]","[""KR""]",null
29979,Highwaymen,Highwaymen,"James Cray watched as his wife was killed by Fargo, a hit-and-run serial murderer. After severely injuring Fargo and going to prison for several years, James is now determined to avenge his wife's death. He drives across the country looking for Fargo's 1972 Cadillac Eldorado, which the now-disabled killer has turned into a rolling death trap. James' search is helped by a state traffic officer and a singer with her own agenda.","When murder is no accident, revenge is no crime.",Released,False,False,2004-02-13,80,0,371396,1.9413,5.7,227,en,,tt0339147,/fJb2XlqYSYFA25EMyodon0cBare.jpg,/9cZVewkxDE5e2WH2htJczc1VReG.jpg,"[{""id"": 28, ""name"": ""Action""}, {""id"": 53, ""name"": ""Thriller""}, {""id"": 80, ""name"": ""Crime""}, {""id"": 27, ""name"": ""Horror""}]","[{""id"": 12, ""logo_path"": ""/2ycs64eqV5rqKYHyQK0GVoKGvfX.png"", ""name"": ""New Line Cinema"", ""origin_country"": ""US""}, {""id"": 5009, ""logo_path"": null, ""name"": ""Cornice Entertainment"", ""origin_country"": """"}, {""id"": 1020, ""logo_path"": ""/kuUIHNwMec4dwOLghDhhZJzHZTd.png"", ""name"": ""Millennium Media"", ""origin_country"": ""US""}]","[{""iso_3166_1"": ""CA"", ""name"": ""Canada""}, {""iso_3166_1"": ""US"", ""name"": ""United States of America""}]","[{""english_name"": ""English"", ""iso_639_1"": ""en"", ""name"": ""English""}]","[""CA"", ""US""]",null
29980,Isenseven: Teenage Love Graffiti,Isenseven: Teenage Love Graffiti,"This is it! After another long and intense season of sunny days in fluffy powpow, dark nights in big cities, journeys to the worlds most beautiful snowy places and a series of major injuries, you get to see a 4 minute collection of what to expect in this years Isenseven movie ""Teenage Love Graffiti"".",,Released,False,False,2008-10-02,40,0,0,0.0778,0.0,0,en,http://www.isenseven.de,,,,"[{""id"": 28, ""name"": ""Action""}, {""id"": 12, ""name"": ""Adventure""}, {""id"": 99, ""name"": ""Documentary""}]",[],[],[],"[""US""]",null
29981,Isenseven: Let's Go Get Lost,Isenseven: Let's Go Get Lost,"Wow! Ten Years.. Who'd a thought. Not us When we started filming each other back in 1999 with our crappy handycams, editing our little films. Ten years and 7 movies later we bring you a movie that is more IsenSeven than you can wave a stick at. We travelled the world and got lost, but experienced loads of fun stuff which we caught with our sexy HD cams. There's also some snowboarding in this box!",,Released,False,False,2009-01-01,44,0,0,0.1235,0.0,0,en,,,/yfHIi1rhtk2SWWKMDsijW02rIoa.jpg,,"[{""id"": 99, ""name"": ""Documentary""}]",[],[],"[{""english_name"": ""English"", ""iso_639_1"": ""en"", ""name"": ""English""}]","[""US""]",null
29982,Unrelated,Unrelated,A woman in an unhappy relationship takes refuge with a friend's family on holiday in Tuscany.,,Released,False,False,2008-09-19,100,0,0,1.0655,5.9,57,en,http://www.unrelatedfilm.com/index.html,tt1107850,/5TFsgS0EkClv2KlA1j5ARp3DoRq.jpg,/n8k9jydZHiqxWGKzKvHbLB6RwXW.jpg,"[{""id"": 18, ""name"": ""Drama""}]","[{""id"": 86181, ""logo_path"": null, ""name"": ""Raw Siena"", ""origin_country"": """"}]","[{""iso_3166_1"": ""GB"", ""name"": ""United Kingdom""}]","[{""english_name"": ""Italian"", ""iso_639_1"": ""it"", ""name"": ""Italiano""}, {""english_name"": ""English"", ""iso_639_1"": ""en"", ""name"": ""English""}]","[""GB""]",null
29983,A New Wave,A New Wave,"A frustrated artist is convinced by his eccentric roommate to rob a bank. Having planned the crime by watching bank-robber films, the amateur heist is doomed from the beginning.",The perfect plan doesn't always lead to the perfect crime.,Released,False,False,2007-08-21,93,0,0,0.4274,3.4,7,en,,tt0421143,/k1IgkuQYLGzw4vLArSIrjO3pt32.jpg,/gUgjRCKfLmtcNFXDMH7KElIJYY4.jpg,"[{""id"": 28, ""name"": ""Action""}, {""id"": 35, ""name"": ""Comedy""}]",[],"[{""iso_3166_1"": ""US"", ""name"": ""United States of America""}]","[{""english_name"": ""English"", ""iso_639_1"": ""en"", ""name"": ""English""}]","[""US""]",null
29987,Facing Windows,La finestra di fronte,"Overburdened and stuck in a greying marriage, Giovanna takes to caring for a Jewish Holocaust survivor her husband brings home. As she begins to reflect on her life, she turns to the man who lives across from her.",Desire knows no bounds.,Released,False,False,2003-02-27,106,0,15530077,1.1185,7.0,328,it,,tt0352343,/1yeh5uQ6KgvxnInUYE0SYSUWd22.jpg,/dcJLwvM8sRgnMyYRHF2dyOg19z8.jpg,"[{""id"": 18, ""name"": ""Drama""}, {""id"": 10749, ""name"": ""Romance""}]","[{""id"": 3289, ""logo_path"": null, ""name"": ""Clap Filmes"", ""origin_country"": ""PT""}, {""id"": 19385, ""logo_path"": ""/uLO7hNXFVCxVcKfHck7IRyNQeAa.png"", ""name"": ""R&C Produzioni"", ""origin_country"": ""IT""}, {""id"": 25080, ""logo_path"": null, ""name"": ""AFS Film"", ""origin_country"": """"}]","[{""iso_3166_1"": ""GB"", ""name"": ""United Kingdom""}, {""iso_3166_1"": ""IT"", ""name"": ""Italy""}, {""iso_3166_1"": ""TR"", ""name"": ""Turkey""}, {""iso_3166_1"": ""PT"", ""name"": ""Portugal""}]","[{""english_name"": ""Italian"", ""iso_639_1"": ""it"", ""name"": ""Italiano""}]","[""TR"", ""IT"", ""GB""]",null
29988,Ishq,Ishq,"The children of two wealthy businessman fall in love with someone from a poor background, much to their parents' disapprovals.",,Released,False,False,1997-11-28,161,5000000,28000000,1.478,6.329,70,hi,,tt0133024,/38xVYSuVXIJS1iyEaRm8wtjotZB.jpg,/lQbvShLAamLCgjzgJEZQuleEF9g.jpg,"[{""id"": 35, ""name"": ""Comedy""}, {""id"": 10749, ""name"": ""Romance""}, {""id"": 18, ""name"": ""Drama""}, {""id"": 28, ""name"": ""Action""}]",[],"[{""iso_3166_1"": ""IN"", ""name"": ""India""}]","[{""english_name"": ""Hindi"", ""iso_639_1"": ""hi"", ""name"": ""\u0939\u093f\u0928\u094d\u0926\u0940""}]","[""IN""]",null
29989,Skin,Skin,Based on the true story of a black girl who was born to two white Afrikaner parents in South Africa during the apartheid era.,,Released,False,False,2009-07-24,107,0,0,1.3085,6.4,50,en,http://www.skinthemovie.net/,tt0964586,/lRKQ0CXJF1cIO1kc2XqdWptbaAX.jpg,/8ntTGtJCT9SbfZ2TjRDZTICr0Yv.jpg,"[{""id"": 18, ""name"": ""Drama""}]","[{""id"": 177880, ""logo_path"": null, ""name"": ""Elysian Films"", ""origin_country"": """"}, {""id"": 177881, ""logo_path"": ""/9XSnIaonmVRHdVLkh79pzF3g1Xb.png"", ""name"": ""Industrial Development Corporation of South Africa"", ""origin_country"": ""ZA""}, {""id"": 25033, ""logo_path"": ""/8q98ucS95AHtER3oG0nSAjRpH8d.png"", ""name"": ""The National Film and Video Foundation of South Africa"", ""origin_country"": ""ZA""}]","[{""iso_3166_1"": ""ZA"", ""name"": ""South Africa""}, {""iso_3166_1"": ""GB"", ""name"": ""United Kingdom""}]","[{""english_name"": ""Zulu"", ""iso_639_1"": ""zu"", ""name"": ""isiZulu""}, {""english_name"": ""English"", ""iso_639_1"": ""en"", ""name"": ""English""}]","[""ZA"", ""GB""]",null
29992,The Glass Key,The Glass Key,"When Paul Madvig, a successful politician who fights his rivals to seize the city, becomes implicated in a murder, Ed Beaumont, his friend and right-hand man, must decide which side he is on.",He carries his love in his iron fists!,Released,False,False,1935-06-15,78,0,0,1.3664,6.4,13,en,,tt0026416,/ir2l4zF08seGFVxPzxiDiHdYqwA.jpg,/ulnp9abubeSSuGwFLKTUn6KZcN9.jpg,"[{""id"": 18, ""name"": ""Drama""}, {""id"": 53, ""name"": ""Thriller""}]","[{""id"": 4, ""logo_path"": ""/jay6WcMgagAklUt7i9Euwj1pzTF.png"", ""name"": ""Paramount Pictures"", ""origin_country"": ""US""}]","[{""iso_3166_1"": ""US"", ""name"": ""United States of America""}]","[{""english_name"": ""English"", ""iso_639_1"": ""en"", ""name"": ""English""}]","[""US""]",null
29993,Samson and Delilah,Samson and Delilah,"When strongman Samson rejects the love of the beautiful Philistine woman Delilah, she seeks vengeance that brings horrible consequences they both regret.",HISTORY'S MOST BEAUTIFUL AND TREACHEROUS WOMAN!,Released,False,False,1949-12-21,134,3000000,11500000,5.8733,6.6,242,en,,tt0041838,/d2AHCe6WzvshD7ucKuUWgugExjc.jpg,/vH5jfiKPG8N5suLbGLutZZulYAH.jpg,"[{""id"": 10749, ""name"": ""Romance""}, {""id"": 18, ""name"": ""Drama""}, {""id"": 36, ""name"": ""History""}]","[{""id"": 4, ""logo_path"": ""/jay6WcMgagAklUt7i9Euwj1pzTF.png"", ""name"": ""Paramount Pictures"", ""origin_country"": ""US""}]","[{""iso_3166_1"": ""US"", ""name"": ""United States of America""}]","[{""english_name"": ""English"", ""iso_639_1"": ""en"", ""name"": ""English""}]","[""US""]",null
29994,The Madonna's Secret,The Madonna's Secret,This drama is an updated version of Ulmer's 1944 film Bluebeard. It is set in New York and follows the exploits of an eccentric Parisian painter who has come to New York to escape a controversy surrounding his work. The trouble stems when the model he has used in all his work is found floating dead in the Seine.,,Released,False,False,1946-02-16,76,0,0,1.2066,5.9,5,en,,tt0038714,/kSSS0wvej7UiwEJsLK7UiwZHx0K.jpg,/1C0XPg3psbxERlh6IDwnu89IKqf.jpg,"[{""id"": 18, ""name"": ""Drama""}, {""id"": 53, ""name"": ""Thriller""}, {""id"": 9648, ""name"": ""Mystery""}]","[{""id"": 1432, ""logo_path"": ""/odyWStT82nGf2LQCyfs7iFudwa0.png"", ""name"": ""Republic Pictures"", ""origin_country"": ""US""}]","[{""iso_3166_1"": ""US"", ""name"": ""United States of America""}]","[{""english_name"": ""English"", ""iso_639_1"": ""en"", ""name"": ""English""}]","[""US""]",null
29996,Solomon and Sheba,Solomon and Sheba,"Near death, King David has a vision that his poet son, Solomon, should succeed him, rather than hot-headed Adonijah. Furious, Adonijah departs the court, swearing he will become king. Other rulers are concerned that Solomon's benevolent rule and interest in monotheism will threaten their tyrannical, polytheistic kingdoms. The Queen of Sheba makes an agreement with the Egyptian pharaoh to corrupt Solomon for their mutual benefit.",Only once in 3000 years... anything like...,Released,False,False,1959-10-27,139,5000000,12200000,4.4473,6.4,101,en,,tt0053290,/sQPLRT014vOADFyvh54TpXFyBPZ.jpg,/mB0p1RSFkF1Cr6iIRo5PwhYsoQZ.jpg,"[{""id"": 36, ""name"": ""History""}, {""id"": 10749, ""name"": ""Romance""}, {""id"": 10752, ""name"": ""War""}]","[{""id"": 13479, ""logo_path"": null, ""name"": ""Edward Small Productions"", ""origin_country"": ""US""}, {""id"": 60, ""logo_path"": ""/4YldLvCWQL9VIAHQ2Fu3Ffkh9Si.png"", ""name"": ""United Artists"", ""origin_country"": ""US""}]","[{""iso_3166_1"": ""US"", ""name"": ""United States of America""}]","[{""english_name"": ""English"", ""iso_639_1"": ""en"", ""name"": ""English""}]","[""US""]",null
29997,God Willing,Om Gud Vill,"After a couple of chance encounters the nightly meetings with Juli become the most important thing in Juan's life. God willing, fantasy can become reality.",,Released,False,False,2006-01-30,87,50,80,0.358,6.0,7,sv,,tt0495116,/vciWFHt4pBrOiT9QufKeKiMtHCV.jpg,/m3ieHtNlOKdFg9QLqubwogjhxfj.jpg,"[{""id"": 18, ""name"": ""Drama""}, {""id"": 10749, ""name"": ""Romance""}]","[{""id"": 6424, ""logo_path"": null, ""name"": ""Chamdin & St\u00f6hr Filmproduktion"", ""origin_country"": """"}]","[{""iso_3166_1"": ""SE"", ""name"": ""Sweden""}]","[{""english_name"": ""English"", ""iso_639_1"": ""en"", ""name"": ""English""}, {""english_name"": ""Finnish"", ""iso_639_1"": ""fi"", ""name"": ""suomi""}, {""english_name"": ""Swedish"", ""iso_639_1"": ""sv"", ""name"": ""svenska""}]","[""SE""]",null
29998,The Amazing Mr. X,The Amazing Mr. X,"On the beach one night, Christine Faber, two years a widow, thinks she hears her late husband Paul calling out of the surf...then meets a tall dark man, Alexis, who seems to know all about such things. After more ghostly manifestations, Christine and younger sister Janet become enmeshed in the eerie artifices of Alexis; but he in turn finds himself manipulated into deeper deviltry than he had in mind...","In his eyes, the threat of terror! In his hands, the power to destroy!",Released,False,False,1948-07-29,78,0,0,1.7438,6.181,47,en,,tt0040829,/7CQ5G1Jpmu2ppeHxTx47DpJ5YEw.jpg,/A7ZBrQCAIJCskA8oXm7i5jV1Yoj.jpg,"[{""id"": 53, ""name"": ""Thriller""}, {""id"": 27, ""name"": ""Horror""}]","[{""id"": 5010, ""logo_path"": null, ""name"": ""Ben Stoloff Productions"", ""origin_country"": """"}, {""id"": 4927, ""logo_path"": null, ""name"": ""Eagle-Lion Films"", ""origin_country"": ""GB""}]","[{""iso_3166_1"": ""US"", ""name"": ""United States of America""}]","[{""english_name"": ""English"", ""iso_639_1"": ""en"", ""name"": ""English""}]","[""US""]",null
30002,The Munsters' Revenge,The Munsters' Revenge,"The lovable Munster family finds their placid world turned into turmoil by the diabolical Dr. Diablo, the mastermind of an art heist using monster robots, including clones of Herman and Grandpa.",,Released,False,False,1981-02-27,96,0,0,1.495,6.1,30,en,,tt0082778,/zgmc7vMmCzR9JTBXsjYxGfn3AFW.jpg,/i1fbDt7CWQuF7AD1SYpafb4k89J.jpg,"[{""id"": 35, ""name"": ""Comedy""}, {""id"": 80, ""name"": ""Crime""}, {""id"": 10751, ""name"": ""Family""}, {""id"": 10770, ""name"": ""TV Movie""}, {""id"": 27, ""name"": ""Horror""}]","[{""id"": 26727, ""logo_path"": ""/jeTxdjXhzgKZyLr3l9MllkTn3fy.png"", ""name"": ""Universal Television"", ""origin_country"": ""US""}]","[{""iso_3166_1"": ""US"", ""name"": ""United States of America""}]","[{""english_name"": ""English"", ""iso_639_1"": ""en"", ""name"": ""English""}]","[""US""]",null
30003,Girls' Night,Girls' Night,"Two British best friends and in-laws Dawn and Jackie work together at a factory. When Dawn is diagnosed with a brain tumor Jackie shares $100,000 she's got from her secret lover with Dawn to fulfil her dream - a visit to Las Vegas. They buy two tickets and fly there...",,Released,False,False,1998-06-26,102,0,0,1.3037,6.8,9,en,,tt0119201,/b8Lllkm8eh8oDvRkrR7ww3HMII0.jpg,/sNgMvpMn5eoJ4HO6DTIaCpQOMKF.jpg,"[{""id"": 35, ""name"": ""Comedy""}, {""id"": 18, ""name"": ""Drama""}]",[],"[{""iso_3166_1"": ""GB"", ""name"": ""United Kingdom""}]","[{""english_name"": ""English"", ""iso_639_1"": ""en"", ""name"": ""English""}]","[""GB"", ""US""]",null
30004,Legend of the Dragonslayer Sword,Legend of the Dragonslayer Sword,"In the closing years of the Yuan Dynasty (Ghengis Khan's Dynasty) in China, the courts were corrupt, natural disasters were rampant, there were uprisings everywhere. The people lived in fear. Many swordsmen and kung fu masters voiced their complaints, but they were not united. Rather, they fought for supremacy by trying to be the sole owner of the Dragonslayer Sword. There is a legend in the martial arts world that the possessor of the Dragonslayer Sword will rule the world unopposed unless the Heaven Sword appears. Steven and Susan were from righteous and evil kung fu clans, respectively. Fate brought them together amidst chaos and mayhem for the Dragonslayer Sword. One driven by love, the other by doing the right thing, the two fought against all odds to live a normal life. Reality dealt them a hand that results in bloodshed and tragedy. It was up to their son Woody to discover the secret of the Sword...",,Released,False,False,1996-01-01,90,0,0,0.5679,0.0,0,en,,tt0170147,/kRz5EqufF1wBIxHIHJz5rUIZKpv.jpg,,"[{""id"": 28, ""name"": ""Action""}]",[],"[{""iso_3166_1"": ""HK"", ""name"": ""Hong Kong""}]",[],"[""HK""]",null
30006,Wim Helsen: Heden Soup!,Wim Helsen: Heden Soup!,"Wim Helsen Heden Soup! HOMELESS, KINGS, SAINTS AND COLD WATER FISHING: They all eat soup. Also mistresses love soup. They eat them with spoons, some dip bread in it or slurp on the edge of their soup bowl. One can of doing anything. Tomatoes, leeks, pumpkins, chicken. But loving thoughts, secret messages and mushrooms are allowed. And say nothing of balls. In mysterious faraway places there that make soup from nettles. Dogs bark for soup. One gets it warm from the inside (in his body).",,Released,False,False,2006-01-01,75,0,0,0.0281,6.5,1,nl,,tt5580684,/tW0vOU14yc04invhoEk8vPBv26v.jpg,/aaLnewfjRNUkzmOXd0mRrsJgIjg.jpg,"[{""id"": 35, ""name"": ""Comedy""}]",[],"[{""iso_3166_1"": ""BE"", ""name"": ""Belgium""}]","[{""english_name"": ""Dutch"", ""iso_639_1"": ""nl"", ""name"": ""Nederlands""}]","[""BE""]",null
30007,Krøller i sovsen,Krøller i sovsen,"On a routine voyage, a spaceship from the distant future lands on the remains of planet Earth, which, after a long ice age, is deserted and covered in snow. The two descendants of the now extinct human race (Martin Brygmann and Xenia Lach-Nielsen) hesitantly go ashore, but they fumble around so much that they fall into a crevasse. At the bottom of it, they find a treasure chest of films from ""the good old days"" and, through the film reels, they suddenly experience crazy situations performed by the very mysterious and not entirely ordinary human race.",,Released,False,False,2007-12-11,74,0,0,0.1264,7.5,2,da,,tt1515846,/45Av3Hnd3dO2ASe4hZ0jx9KlVJf.jpg,,"[{""id"": 35, ""name"": ""Comedy""}]","[{""id"": 5402, ""logo_path"": ""/iYQ3d8XgHgmvvuphqIr7amSDqwH.png"", ""name"": ""Easy Film"", ""origin_country"": ""DK""}]","[{""iso_3166_1"": ""DK"", ""name"": ""Denmark""}]","[{""english_name"": ""Danish"", ""iso_639_1"": ""da"", ""name"": ""Dansk""}]","[""DK""]",null
30014,House by the River,House by the River,"Wealthy writer Stephen Byrne tries to seduce the family maid, but when she resists, he kills her. Long jealous of his brother John, Stephen does his best to pin the blame for the murder on his sibling. Also affected by Stephen's arrogant dementia is his long-suffering wife Marjorie.",WOMEN SPOKE OF HER with Scorn...MEN THOUGHT OF HER with Longing!,Released,False,False,1950-03-23,88,0,0,1.4528,6.714,106,en,,tt0042579,/a3p8tk8rCvMD7Hp2kUXkXrY59vP.jpg,/yQDWlXBCECuRASzegi3LfPx8riX.jpg,"[{""id"": 53, ""name"": ""Thriller""}, {""id"": 80, ""name"": ""Crime""}, {""id"": 18, ""name"": ""Drama""}]","[{""id"": 1432, ""logo_path"": ""/odyWStT82nGf2LQCyfs7iFudwa0.png"", ""name"": ""Republic Pictures"", ""origin_country"": ""US""}, {""id"": 4934, ""logo_path"": null, ""name"": ""Fidelity Pictures Corporation"", ""origin_country"": ""US""}]","[{""iso_3166_1"": ""US"", ""name"": ""United States of America""}]","[{""english_name"": ""English"", ""iso_639_1"": ""en"", ""name"": ""English""}]","[""US""]",null
30015,Behind Locked Doors,Behind Locked Doors,"Behind the locked doors of a mental institution resides crooked politico Judge Drake, free from prosecution so long as he pretends to be crazy. To get the goods on Drake, private detective Ross Stewart has himself committed to the asylum as a patient. Meanwhile, reporter Kathy Lawrence, posing as Stewart's wife, acts as his liaison to the outside world.",MURDER was the ONLY way out!,Released,False,False,1948-09-13,62,0,0,0.805,6.2,26,en,,tt0040153,/urPLEQQnuzYy0d8lwy8KDMrvAJg.jpg,/1dqiNyFlPi1uMreFGz8N3kF6pLM.jpg,"[{""id"": 53, ""name"": ""Thriller""}, {""id"": 80, ""name"": ""Crime""}]","[{""id"": 5012, ""logo_path"": null, ""name"": ""Aro Productions Inc."", ""origin_country"": ""US""}]","[{""iso_3166_1"": ""US"", ""name"": ""United States of America""}]","[{""english_name"": ""English"", ""iso_639_1"": ""en"", ""name"": ""English""}]","[""US""]",null
30017,Close-Up,کلوزآپ ، نمای نزدیک,"This fiction-documentary hybrid uses a sensational real-life event—the arrest of a young man on charges that he fraudulently impersonated the well-known filmmaker Mohsen Makhmalbaf—as the basis for a stunning, multilayered investigation into movies, identity, artistic creation, and existence, in which the real people from the case play themselves.",A real-life situation based on a real incident in actual locations with actual people involved.,Released,False,False,1990-05-09,98,0,0,1.5689,7.938,444,fa,https://www.janusfilms.com/films/1287,tt0100234,/m9HG2N9ZKCmNN9qOHJTNyy18wn3.jpg,/3t1qZqP1e17wQshpPKSqII1OogM.jpg,"[{""id"": 80, ""name"": ""Crime""}, {""id"": 18, ""name"": ""Drama""}]","[{""id"": 11459, ""logo_path"": ""/q05YOjsHS2MBfteVQod3MRGkjCD.png"", ""name"": ""Kanoon"", ""origin_country"": ""IR""}]","[{""iso_3166_1"": ""IR"", ""name"": ""Iran""}]","[{""english_name"": ""Azerbaijani"", ""iso_639_1"": ""az"", ""name"": ""Az\u0259rbaycan""}, {""english_name"": ""Persian"", ""iso_639_1"": ""fa"", ""name"": ""\u0641\u0627\u0631\u0633\u06cc""}]","[""IR""]",null
30018,Mother,마더,"A mother lives quietly with her son. One day, a girl is brutally killed, and the boy is charged with the murder. Now, it's his mother's mission to prove him innocent.",She'll stop at nothing.,Released,False,False,2009-05-28,129,5000000,17112713,5.2801,7.702,1661,ko,http://www.motherfilm.com,tt1216496,/8oBnSkZE6GDVugAbLPO6uJd4GcS.jpg,/mnNkHbs2onvP54zND5c1Ah5Usaa.jpg,"[{""id"": 80, ""name"": ""Crime""}, {""id"": 18, ""name"": ""Drama""}, {""id"": 9648, ""name"": ""Mystery""}]","[{""id"": 4399, ""logo_path"": ""/rk3kE5QX2dQtH0pPwCHV12qfebg.png"", ""name"": ""Barunson E&A"", ""origin_country"": ""KR""}, {""id"": 7036, ""logo_path"": ""/javbyY0ZCvlFJtly3tpZqf2NwLX.png"", ""name"": ""CJ Entertainment"", ""origin_country"": ""KR""}]","[{""iso_3166_1"": ""KR"", ""name"": ""South Korea""}]","[{""english_name"": ""Korean"", ""iso_639_1"": ""ko"", ""name"": ""\ud55c\uad6d\uc5b4/\uc870\uc120\ub9d0""}]","[""KR""]",null
30019,Upperdog,Upperdog,"As young children, half-siblings Axel and Yanne are adopted to Norway. They are separated on arrival, him to material wealth on Oslo's west side, her to an average family on the east side. In contrast to her younger brother, Yanne remembers their journey to Norway, but she has no idea where he might be now.",,Released,False,False,2009-08-28,95,3417000,0,0.5216,6.4,26,no,,tt1489263,/5KSp6EzRRpK6YTLk6aE17RgzC8w.jpg,/5HgGIYB7W3dCuxR1Vm7pT4RpMhU.jpg,"[{""id"": 35, ""name"": ""Comedy""}, {""id"": 18, ""name"": ""Drama""}]","[{""id"": 2677, ""logo_path"": ""/6xN0FuEK9yXaK2jvWjSW2YxwOYG.png"", ""name"": ""Riva Film"", ""origin_country"": ""DE""}, {""id"": 5013, ""logo_path"": null, ""name"": ""Friland AS"", ""origin_country"": ""NO""}]","[{""iso_3166_1"": ""NO"", ""name"": ""Norway""}]","[{""english_name"": ""Norwegian"", ""iso_639_1"": ""no"", ""name"": ""Norsk""}]","[""NO""]",null
30020,Taste of Cherry,طعم گيلاس,"A middle-aged Tehranian man, Mr. Badii is intent on killing himself and seeks someone to bury him after his demise. Driving around the city, the seemingly well-to-do Badii meets with numerous people, including a Muslim student, asking them to take on the job, but initially he has little luck. Eventually, Badii finds a man who is up for the task because he needs the money, but his new associate soon tries to talk him out of committing suicide.",,Released,False,False,1997-09-28,99,120000,10923,3.4156,7.688,694,fa,,tt0120265,/u6GYH4HyR0BVwpqFuTOc2g4KB1L.jpg,/44SNTCSZTdbF5bzgUy4IfPV3DUq.jpg,"[{""id"": 18, ""name"": ""Drama""}]","[{""id"": 11459, ""logo_path"": ""/q05YOjsHS2MBfteVQod3MRGkjCD.png"", ""name"": ""Kanoon"", ""origin_country"": ""IR""}, {""id"": 2938, ""logo_path"": ""/yXPsl1WM1IqvcBaLLhY40utgHzu.png"", ""name"": ""Kiarostami Foundation"", ""origin_country"": ""IR""}, {""id"": 105, ""logo_path"": ""/pyiNvPJYGz4W2SImgULoG2sn4y4.png"", ""name"": ""CiBy 2000"", ""origin_country"": ""FR""}]","[{""iso_3166_1"": ""IR"", ""name"": ""Iran""}, {""iso_3166_1"": ""FR"", ""name"": ""France""}]","[{""english_name"": ""Persian"", ""iso_639_1"": ""fa"", ""name"": ""\u0641\u0627\u0631\u0633\u06cc""}]","[""IR""]",null
30021,Rottenetter,Rottenetter,"Stavanger is no longer a small fishing town on the West Coast of Norway. People are wealthier, the cars more expensive and the houses more luxurious. In the middle of this materialistic everyday reality is Jonny Kristiansen, an up and coming 25 year old broker. Hungry for money and success, he is pulled into an unscrupulous financial world. Jonny takes off and aims at becoming the richest and most powerful at whatever cost.",,Released,False,False,2009-09-04,94,3117000,0,0.7239,4.6,7,no,,tt1398033,/86HOQID9ReHE8pV5iODzHor52IO.jpg,/cQQVYSiJLbpAGGF7QmWcRaHPYIz.jpg,"[{""id"": 18, ""name"": ""Drama""}]","[{""id"": 5241, ""logo_path"": null, ""name"": ""FilmFondet Fuzz"", ""origin_country"": ""NO""}, {""id"": 5111, ""logo_path"": ""/cHPWFsOLLSX8Qw9FD9q3FqEnDSd.png"", ""name"": ""Paradox Produksjon"", ""origin_country"": ""NO""}]","[{""iso_3166_1"": ""NO"", ""name"": ""Norway""}]","[{""english_name"": ""Norwegian"", ""iso_639_1"": ""no"", ""name"": ""Norsk""}]","[""NO""]",null
30022,Lady on a Train,Lady on a Train,"While watching from her train window, Nikki Collins witnesses a murder in a nearby building. When she alerts the police, they think she has read one too many mystery novels. She then enlists a popular mystery writer to help her solve the crime on her own, but her sleuthing attracts the attentions of suitors and killers.",Deanna... on a Man (Oh! Man) Hunt!,Released,False,False,1945-08-03,94,0,0,2.6752,6.6,52,en,,tt0037859,/9DylvvWcb52Qjq6lzN4lJxOcYyU.jpg,/cAkRFw4VEKQrCqK6jA596WRnSXv.jpg,"[{""id"": 35, ""name"": ""Comedy""}, {""id"": 80, ""name"": ""Crime""}, {""id"": 9648, ""name"": ""Mystery""}, {""id"": 10749, ""name"": ""Romance""}, {""id"": 53, ""name"": ""Thriller""}]","[{""id"": 33, ""logo_path"": ""/8lvHyhjr8oUKOOy2dKXoALWKdp0.png"", ""name"": ""Universal Pictures"", ""origin_country"": ""US""}]","[{""iso_3166_1"": ""US"", ""name"": ""United States of America""}]","[{""english_name"": ""English"", ""iso_639_1"": ""en"", ""name"": ""English""}]","[""US""]",null
30023,Adventures of Power,Adventures of Power,"In his quest to become the world's greatest air-drummer, a small-town dreamer must overcome obstacles and ridicule to save the day.",Imagine that.,Released,False,False,2008-01-17,89,2500000,0,1.2914,4.9,23,en,http://www.adventuresofpower.com/,tt0960721,/mlY034R3iQb5trUiM9lbmqsTS2h.jpg,/msW5LXd7kKvAfYQA6bPaPwMTNFG.jpg,"[{""id"": 35, ""name"": ""Comedy""}, {""id"": 10402, ""name"": ""Music""}]","[{""id"": 6786, ""logo_path"": null, ""name"": ""Grack Films"", ""origin_country"": """"}, {""id"": 2313, ""logo_path"": null, ""name"": ""Andrea Sperling Productions"", ""origin_country"": ""US""}, {""id"": 6788, ""logo_path"": null, ""name"": ""SpaceTime Films"", ""origin_country"": ""US""}]","[{""iso_3166_1"": ""US"", ""name"": ""United States of America""}]","[{""english_name"": ""English"", ""iso_639_1"": ""en"", ""name"": ""English""}]","[""US""]",null
30024,"April 1, 2000",1. April 2000,"It is the year 2000 and the World Global Union is in charge, although other countries are allowed to elect their own government leaders, as long as they support the Union. When Austria's newly-elected president, played by Josef Meinrad, makes his inauguration speech he declares Austria independence and issues an edict ending Austria's financial support for the Global Union.",,Released,False,False,1952-11-19,105,0,0,1.0031,6.5,16,de,,tt0044312,/cQroCQrO7NWV9FfKLFzwRchfkFb.jpg,/bEe4g2VQYdbCF2CfhOZlrPcReSf.jpg,"[{""id"": 878, ""name"": ""Science Fiction""}, {""id"": 35, ""name"": ""Comedy""}]","[{""id"": 71776, ""logo_path"": null, ""name"": ""\u00d6sterreichische Bundesregierung"", ""origin_country"": """"}, {""id"": 26093, ""logo_path"": null, ""name"": ""Wien-Film"", ""origin_country"": ""AT""}]","[{""iso_3166_1"": ""AT"", ""name"": ""Austria""}]","[{""english_name"": ""English"", ""iso_639_1"": ""en"", ""name"": ""English""}, {""english_name"": ""French"", ""iso_639_1"": ""fr"", ""name"": ""Fran\u00e7ais""}, {""english_name"": ""German"", ""iso_639_1"": ""de"", ""name"": ""Deutsch""}, {""english_name"": ""Russian"", ""iso_639_1"": ""ru"", ""name"": ""P\u0443\u0441\u0441\u043a\u0438\u0439""}]","[""AT""]",null
30025,Sirocco,Sirocco,A mysterious American gets mixed up with gunrunners in Syria.,"Beyond Casablanca... Fate, in a Low-cut Gown, Lies in Wait for Bogart!",Released,False,False,1951-06-13,98,0,0,1.4446,5.9,45,en,,tt0044040,/9gsUSoeTlG1GfM7ckAxmHzkgi0n.jpg,/5S1MHJJL1Z5d7Z3a8JvEeM8gOhK.jpg,"[{""id"": 80, ""name"": ""Crime""}, {""id"": 18, ""name"": ""Drama""}, {""id"": 53, ""name"": ""Thriller""}]","[{""id"": 3248, ""logo_path"": null, ""name"": ""Santana Pictures Corporation"", ""origin_country"": ""US""}, {""id"": 5, ""logo_path"": ""/71BqEFAF4V3qjjMPCpLuyJFB9A.png"", ""name"": ""Columbia Pictures"", ""origin_country"": ""US""}]","[{""iso_3166_1"": ""US"", ""name"": ""United States of America""}]","[{""english_name"": ""Arabic"", ""iso_639_1"": ""ar"", ""name"": ""\u0627\u0644\u0639\u0631\u0628\u064a\u0629""}, {""english_name"": ""English"", ""iso_639_1"": ""en"", ""name"": ""English""}]","[""US""]",null
30026,I'll Never Die Alone,No moriré sola,"A violent thriller set in the outback of remote La Plata region, I'LL NEVER DIE ALONE (aka NO MORIRE SOLA) is a tough and pounding story of revenge for rape, mercilessly carried out by a group of women intent on pursuing their attackers to the bitter end.","Stand on your feet, or die on your knees",Released,False,False,2008-08-24,86,6000,0,2.0052,5.0,45,es,,tt1278102,/qJvSlVBoYaTtzCRQQR32aCnQ9yH.jpg,/2MCjPDM1AudHXwLin9LBCFlfjuO.jpg,"[{""id"": 27, ""name"": ""Horror""}, {""id"": 53, ""name"": ""Thriller""}]","[{""id"": 5014, ""logo_path"": null, ""name"": ""Paura Flics"", ""origin_country"": """"}, {""id"": 23405, ""logo_path"": null, ""name"": ""Roman Porno Eiga"", ""origin_country"": """"}]","[{""iso_3166_1"": ""AR"", ""name"": ""Argentina""}, {""iso_3166_1"": ""ES"", ""name"": ""Spain""}]","[{""english_name"": ""Spanish"", ""iso_639_1"": ""es"", ""name"": ""Espa\u00f1ol""}]","[""AR"", ""ES""]",null
30027,Assault of the Party Nerds,Assault of the Party Nerds,"Ritchie Spencer and his friends have a problem. They are the only four members of their fraternity, and they are all graduating. They must find a way to bring in more members before they leave, and dodge their way around the rival jock fraternity.",Tonight we're going to party like it's 1989!,Released,False,False,1989-08-03,82,0,0,1.074,3.3,13,en,,tt0096839,/8wJBQMS8vl8tNKkIaDCThA1Xk7q.jpg,/gfQiIb0WSkJ9IywaPsit9eGESxM.jpg,"[{""id"": 35, ""name"": ""Comedy""}]","[{""id"": 23384, ""logo_path"": null, ""name"": ""Check Entertainment"", ""origin_country"": """"}, {""id"": 13427, ""logo_path"": null, ""name"": ""Prism Entertainment Corporation"", ""origin_country"": ""US""}]","[{""iso_3166_1"": ""US"", ""name"": ""United States of America""}]","[{""english_name"": ""English"", ""iso_639_1"": ""en"", ""name"": ""English""}]","[""US""]","{""id"": 988588, ""name"": ""Assault of the Party Nerds Collection"", ""poster_path"": ""/afF7KcnXdi7fvDeg8FrvrIYaiNG.jpg"", ""backdrop_path"": null}"
30028,Assault of the Party Nerds II,Assault of the Party Nerds II,"Five years after throwing a killer party and stealing Muffin away from alpha-male Zeta frat member Bud, head party nerd Ritchie is married (to Muffin!) and runs a detective agency.",,Released,False,False,1995-05-09,86,0,0,0.6503,1.5,4,en,,tt0122968,/bxTeJtv4Sk7xC51j9vkHGl6nqPV.jpg,/eEfj6fOu1EGoYX5w3yYA481YB1Z.jpg,"[{""id"": 35, ""name"": ""Comedy""}, {""id"": 53, ""name"": ""Thriller""}]","[{""id"": 23384, ""logo_path"": null, ""name"": ""Check Entertainment"", ""origin_country"": """"}]","[{""iso_3166_1"": ""US"", ""name"": ""United States of America""}]","[{""english_name"": ""English"", ""iso_639_1"": ""en"", ""name"": ""English""}]","[""US""]","{""id"": 988588, ""name"": ""Assault of the Party Nerds Collection"", ""poster_path"": ""/afF7KcnXdi7fvDeg8FrvrIYaiNG.jpg"", ""backdrop_path"": null}"
30029,Angel's Flight,Angel's Flight,A series of murders involving a stripper are investigated by a hard-drinking reporter.,,Released,False,False,1965-01-01,77,0,0,0.4195,4.3,9,en,,tt0316601,/76VOkVcWXDRSDwFI2areI9Tirs4.jpg,/mOvik71sf6PHAgEcpTeQunKXUzW.jpg,"[{""id"": 80, ""name"": ""Crime""}, {""id"": 18, ""name"": ""Drama""}]","[{""id"": 1009, ""logo_path"": null, ""name"": ""Crown International Pictures"", ""origin_country"": ""US""}, {""id"": 92615, ""logo_path"": null, ""name"": ""Bad Axe Productions"", ""origin_country"": """"}]","[{""iso_3166_1"": ""US"", ""name"": ""United States of America""}]","[{""english_name"": ""English"", ""iso_639_1"": ""en"", ""name"": ""English""}]","[""US""]",null
30030,Eyes Are Upon You,Eyes Are Upon You,"A pair of down on their luck friends in debt to the mob, find that a demented mafia hitman is the least of their worries when they attempted to rob a mysterious newcomer to their town in this sexy tale of terror.",,Released,False,False,1997-01-01,92,150000,0,0.511,1.0,2,en,,tt0126899,/4nsQ3qGeP6xCllI2RDQBPstdtdP.jpg,,"[{""id"": 80, ""name"": ""Crime""}, {""id"": 53, ""name"": ""Thriller""}, {""id"": 27, ""name"": ""Horror""}]",[],"[{""iso_3166_1"": ""US"", ""name"": ""United States of America""}]","[{""english_name"": ""English"", ""iso_639_1"": ""en"", ""name"": ""English""}]","[""US""]",null
30031,We're Coming to Help,We're Coming to Help,"Seven people of political, scientific, and social importance are called together when a message is received from space saying simply, ""We're coming to help you.""",,Released,False,False,2002-03-30,51,7000,0,0.2671,0.0,0,en,,tt0312012,/9kY30nrLmSz4DtlJrPnwRbMXRyt.jpg,,"[{""id"": 878, ""name"": ""Science Fiction""}]",[],"[{""iso_3166_1"": ""US"", ""name"": ""United States of America""}]","[{""english_name"": ""English"", ""iso_639_1"": ""en"", ""name"": ""English""}]","[""US""]",null
30032,Christina Aguilera: Back to Basics - Live and Down Under,Christina Aguilera: Back to Basics - Live and Down Under,"Christina Aguilera's breathlessly energetic, senses-frazzling live spectacular of a concert brought the house down in Sydney Adelaide, Australia. The critically acclaimed live extravaganza thrills and awes, while Christina's vocal acrobatics remind you why hers is the Voice of a Generation.",,Released,False,False,2008-02-04,90,0,0,0.5813,7.6,10,en,,tt1183135,/1GjxpHjztugVPPJfdgmZ91YYq5U.jpg,/mrps8EoSNK5YYpzU8dhT7N9nDKA.jpg,"[{""id"": 10402, ""name"": ""Music""}]","[{""id"": 10629, ""logo_path"": ""/jv4QOFu3xvZZXQHSzJXXZeBf2Cl.png"", ""name"": ""RCA"", ""origin_country"": ""US""}, {""id"": 4460, ""logo_path"": ""/kWuMbK7Nfk67O1TsjXD3iSperId.png"", ""name"": ""Done+Dusted"", ""origin_country"": ""GB""}]","[{""iso_3166_1"": ""US"", ""name"": ""United States of America""}]","[{""english_name"": ""English"", ""iso_639_1"": ""en"", ""name"": ""English""}]","[""AU""]",null
30033,Real Time: Siege at Lucas Street Market,Real Time: Siege at Lucas Street Market,"Young armed robbers seeking money for drugs burst into a convenience store, and a simple hold-up escalates into a wholesale homicide!  Assembled entirely from security camera, squad-car cam and news team footage... digitally enhanced... REAL TIME is a unique experiment in non-stop terror that takes YOU inside a hostage crisis.",A Max Allan Collins Thriller,Released,False,False,2001-01-01,72,0,0,0.2992,0.0,0,en,,tt0295556,/ilIHwkynF3mZ4VDZYTqfeEpYGBV.jpg,,"[{""id"": 53, ""name"": ""Thriller""}, {""id"": 80, ""name"": ""Crime""}]","[{""id"": 3052, ""logo_path"": ""/kqP7DC8cUCzDSI5SXiJKJKmQg1K.png"", ""name"": ""Troma Entertainment"", ""origin_country"": ""US""}]","[{""iso_3166_1"": ""US"", ""name"": ""United States of America""}]","[{""english_name"": ""English"", ""iso_639_1"": ""en"", ""name"": ""English""}]","[""US""]",null
30034,Shield for Murder,Shield for Murder,A crooked police detective masterminds a robbery then fights to keep the stolen money.,Thrill after thrill hits you where you feel it most!,Released,False,False,1954-08-27,82,0,0,1.0079,6.6,33,en,,tt0047479,/er9DUhC4jXg7QCH5ze6mn8QeS3w.jpg,/x48oi91zKoUImKPKRSA3lLN69ET.jpg,"[{""id"": 80, ""name"": ""Crime""}, {""id"": 18, ""name"": ""Drama""}]","[{""id"": 36107, ""logo_path"": null, ""name"": ""Camden Productions Inc."", ""origin_country"": """"}]","[{""iso_3166_1"": ""US"", ""name"": ""United States of America""}]","[{""english_name"": ""English"", ""iso_639_1"": ""en"", ""name"": ""English""}]","[""US""]",null
30035,"Mom, Can I Keep Her?","Mom, Can I Keep Her?","Timmy Blair has the usual twelve-year-old's share of problems: his father is too busy at work, his new stepmother loads him with chores, and school life is as difficult as ever. When a furry friend follows him home from school, Timmy is delighted. There's only one problem. His new-found buddy is a 500 pound gorilla.",500 pounds of furry fun...,Released,False,False,1998-06-10,90,0,0,1.2373,4.0,2,en,,tt0206950,/az6cyc3nb1MgPPehC1XZn2CjbF5.jpg,,"[{""id"": 35, ""name"": ""Comedy""}, {""id"": 10751, ""name"": ""Family""}]","[{""id"": 11130, ""logo_path"": null, ""name"": ""Royal Oaks Entertainment Inc."", ""origin_country"": """"}]","[{""iso_3166_1"": ""US"", ""name"": ""United States of America""}]","[{""english_name"": ""English"", ""iso_639_1"": ""en"", ""name"": ""English""}]","[""US""]",null
30036,Rogue Cop,Rogue Cop,A police detective on the take tries to catch his brother's killer.,Temptation is a thing called money and a red-lipped blonde !,Released,False,False,1954-09-17,92,0,0,1.0368,5.3,12,en,,tt0047424,/kCYHFg6ke5lOb3buIZ38dj9VkF1.jpg,/jhGkvf0HERYiJ0X4BaM6ADM7LMH.jpg,"[{""id"": 80, ""name"": ""Crime""}, {""id"": 18, ""name"": ""Drama""}]","[{""id"": 21, ""logo_path"": ""/usUnaYV6hQnlVAXP6r4HwrlLFPG.png"", ""name"": ""Metro-Goldwyn-Mayer"", ""origin_country"": ""US""}]","[{""iso_3166_1"": ""US"", ""name"": ""United States of America""}]","[{""english_name"": ""English"", ""iso_639_1"": ""en"", ""name"": ""English""}]","[""US""]",null
30038,The Seduction,The Seduction,A beautiful newscaster is stalked and tormented by a photographer obsessed with her beauty.,Alone... Terrified... Trapped like an animal. Now she's fighting back with the only weapon she has... Herself.,Released,False,False,1982-01-22,104,0,4888270,1.3874,5.5,41,en,,tt0084652,/7AOxZI5dzXlcsRVfRdbpPS02xJ6.jpg,/fPpIjYedAjjnH58VXZ8PJrBkAkc.jpg,"[{""id"": 53, ""name"": ""Thriller""}]","[{""id"": 10311, ""logo_path"": null, ""name"": ""The Romantic Venture"", ""origin_country"": """"}, {""id"": 494, ""logo_path"": ""/ioc65azmsAeL1XQN4dFnrpdJoMO.png"", ""name"": ""AVCO Embassy Pictures"", ""origin_country"": ""US""}]","[{""iso_3166_1"": ""US"", ""name"": ""United States of America""}]","[{""english_name"": ""English"", ""iso_639_1"": ""en"", ""name"": ""English""}]","[""US""]",null
30041,Wonder Womyn Vs. Witchy Woman: Curse of the Kijoka Talisman,Wonder Womyn Vs. Witchy Woman: Curse of the Kijoka Talisman,,,Released,False,False,2008-01-01,0,0,0,0.2482,0.0,0,en,,,,,[],[],[],[],"[""US""]",null
30042,24 Hours to Midnight,24 Hours to Midnight,A woman trained in Ninjutsu takes revenge after her husband is killed while out jogging.,,Released,False,False,1985-01-01,91,0,0,0.5557,3.7,7,en,,tt0083509,/7WZfiT5PjRZxy3FUlx7DuDuPwe3.jpg,/zhLiYho6fzKlTdmdqFOOfpEb0in.jpg,"[{""id"": 28, ""name"": ""Action""}, {""id"": 53, ""name"": ""Thriller""}]",[],"[{""iso_3166_1"": ""US"", ""name"": ""United States of America""}]","[{""english_name"": ""English"", ""iso_639_1"": ""en"", ""name"": ""English""}]","[""US""]",null
30043,Green Chair,녹색 의자,"When she falls in love with a handsome minor, a South Korean housewife finds herself at the center of a sexual scandal and hounded by hungry tabloid journalists. She vows to cut him out of her life but then he reaches the age of legal consent.",The Crime Was Their Passion.,Released,False,False,2005-06-10,98,0,2000000,1.2215,6.0,33,ko,,tt0436639,/6mzQGcgqFtJ9V5oBz2qFErN5tgk.jpg,/ld0GhLVT0f5p1OA5LuF77RWaw2g.jpg,"[{""id"": 10749, ""name"": ""Romance""}, {""id"": 18, ""name"": ""Drama""}]","[{""id"": 6636, ""logo_path"": null, ""name"": ""Park Cheol-su Films"", ""origin_country"": ""KR""}]","[{""iso_3166_1"": ""KR"", ""name"": ""South Korea""}]","[{""english_name"": ""Korean"", ""iso_639_1"": ""ko"", ""name"": ""\ud55c\uad6d\uc5b4/\uc870\uc120\ub9d0""}]","[""KR""]",null
